year,raceId,position,milliseconds
2009,1,1,5655784
2009,1,2,5656591
2009,1,3,5657388
2009,10,1,5903876
2009,10,2,5915405
2009,10,3,5920762
2004,100,1,5082700
2004,100,2,5084830
2004,100,3,5085814
2018,1000,1,5836427
2018,1000,2,5853550
2018,1000,3,5856528
2018,1001,1,5014476
2018,1001,2,5025537
2018,1001,3,5045848
2018,1002,1,4614484
2018,1002,2,4623189
2018,1002,3,4628550
2018,1003,1,6671611
2018,1003,2,6680572
2018,1003,3,6711595
2018,1004,1,5245181
2018,1004,2,5247726
2018,1004,3,5252668
2018,1005,1,5237062
2018,1005,2,5249981
2018,1005,3,5251357
2018,1006,1,5658643
2018,1006,2,5659924
2018,1006,3,5660985
2018,1007,1,5908851
2018,1007,2,5926167
2018,1007,3,5958765
2018,1008,1,5229066
2018,1008,2,5230535
2018,1008,3,5233830
2018,1009,1,5980382
2018,1009,2,5982963
2018,1009,3,5993088
2004,101,1,5034848
2004,101,2,5043236
2004,101,3,5051199
2019,1010,1,5127325
2019,1010,2,5148211
2019,1010,3,5149845
2019,1011,1,5661295
2019,1011,2,5664275
2019,1011,3,5667426
2019,1012,1,5526350
2019,1012,2,5532902
2019,1012,3,5540124
2019,1013,1,5512942
2019,1013,2,5514466
2019,1013,3,5524681
2019,1014,1,5750443
2019,1014,2,5754517
2019,1014,3,5758122
2019,1015,1,6208437
2019,1015,2,6211039
2019,1015,3,6211599
2019,1016,1,5347084
2019,1016,2,5350742
2019,1016,3,5351780
2019,1017,1,5071198
2019,1017,2,5089254
2019,1017,3,5090183
2019,1018,1,4921822
2019,1018,2,4924546
2019,1018,3,4940782
2019,1019,1,4868452
2019,1019,2,4893380
2019,1019,3,4898569
2004,102,1,5726131
2004,102,2,5730827
2004,102,3,5770730
2019,1020,1,6271275
2019,1020,2,6278608
2019,1020,3,6279580
2019,1021,1,5703796
2019,1021,2,5721592
2019,1021,3,5765229
2019,1022,1,5025710
2019,1022,2,5026691
2019,1022,3,5038295
2019,1023,1,4526665
2019,1023,2,4527500
2019,1023,3,4561864
2019,1024,1,7113667
2019,1024,2,7116308
2019,1024,3,7117488
2019,1025,1,5618992
2019,1025,2,5622821
2019,1025,3,5624204
2019,1026,1,4906755
2019,1026,2,4920098
2019,1026,3,4920613
2019,1027,1,5808904
2019,1027,2,5810670
2019,1027,3,5812457
2019,1028,1,5635653
2019,1028,2,5639801
2019,1028,3,5640655
2019,1029,1,5594678
2019,1029,2,5600755
2019,1029,3,5603574
2004,103,1,5555274
2004,103,2,5558406
2004,103,3,5559645
2019,1030,1,5645715
2019,1030,2,5662487
2019,1030,3,5689150
2020,1031,1,5455739
2020,1031,2,5458439
2020,1031,3,5461230
2020,1032,1,4970683
2020,1032,2,4984402
2020,1032,3,5004381
2020,1033,1,5772473
2020,1033,2,5781175
2020,1033,3,5781925
2020,1034,1,5281283
2020,1034,2,5287139
2020,1034,3,5299757
2020,1035,1,4781993
2020,1035,2,4793319
2020,1035,3,4801224
2020,1036,1,5505279
2020,1036,2,5529456
2020,1036,3,5550031
2020,1037,1,5048761
2020,1037,2,5057209
2020,1037,3,5064216
2020,1038,1,6426056
2020,1038,2,6426471
2020,1038,3,6429414
2020,1039,1,8375060
2020,1039,2,8379940
2020,1039,3,8383124
2004,104,1,4518448
2004,104,2,4519795
2004,104,3,4528645
2020,1040,1,5640364
2020,1040,2,5648093
2020,1040,3,5663093
2020,1041,1,5749641
2020,1041,2,5754111
2020,1041,3,5764254
2020,1042,1,5396828
2020,1042,2,5422420
2020,1042,3,5431336
2020,1043,1,5312430
2020,1043,2,5318213
2020,1043,3,5326750
2020,1044,1,6139313
2020,1044,2,6170946
2020,1044,3,6171273
2020,1045,1,10787515
2020,1045,2,10788769
2020,1045,3,10795520
2020,1046,1,5475114
2020,1046,2,5485632
2020,1046,3,5486983
2020,1047,1,5788645
2020,1047,2,5804621
2020,1047,3,5807060
2004,105,1,5352420
2004,105,2,5353455
2004,105,3,5353889
2021,1051,1,5068471
2021,1051,2,5094214
2021,1051,3,5127928
2021,1052,1,5523897
2021,1052,2,5524642
2021,1052,3,5561280
2021,1053,1,7354598
2021,1053,2,7376598
2021,1053,3,7378300
2021,1054,1,5671421
2021,1054,2,5700569
2021,1054,3,5704951
2021,1055,1,5587680
2021,1055,2,5603521
2021,1055,3,5614290
2021,1056,2,5945788
2021,1056,1,5936820
2021,1056,3,5956247
2021,1057,1,8016410
2021,1057,2,8017795
2021,1057,3,8019172
2021,1058,1,4938925
2021,1058,2,4974668
2021,1058,3,4985832
2021,1059,1,5245770
2021,1059,2,5248674
2021,1059,3,5254581
2004,106,1,5066985
2004,106,2,5081083
2004,106,3,5086647
2021,1060,1,5034543
2021,1060,2,5052516
2021,1060,3,5054562
2021,1061,1,7103284
2021,1061,2,7107155
2021,1061,3,7114409
2021,1062,1,7483199
2021,1062,2,7485935
2021,1062,3,7498217
2021,1063,1,207071
2021,1063,2,209066
2021,1063,3,209672
2021,1064,1,5405395
2021,1064,2,5426327
2021,1064,3,5461855
2021,1065,1,4914365
2021,1065,2,4916112
2021,1065,3,4919286
2021,1066,1,5441001
2021,1066,2,5494272
2021,1066,3,5503476
2021,1067,1,5464103
2021,1067,2,5478687
2021,1067,3,5497574
2021,1069,1,5676552
2021,1069,2,5677885
2021,1069,3,5718775
2004,107,1,5281451
2004,107,2,5282473
2004,107,3,5305550
2021,1070,1,5919086
2021,1070,2,5935641
2021,1070,3,5936838
2021,1071,1,5542851
2021,1071,2,5553347
2021,1071,3,5556427
2021,1072,1,7575118
2021,1072,2,7586943
2021,1072,3,7602649
2021,1073,1,5417345
2021,1073,2,5419601
2021,1073,3,5422518
2022,1074,1,5853584
2022,1074,2,5859182
2022,1074,3,5863259
2022,1075,1,5059293
2022,1075,2,5059842
2022,1075,3,5067390
2022,1076,1,5266548
2022,1076,2,5287072
2022,1076,3,5292141
2022,1077,1,5527986
2022,1077,2,5544513
2022,1077,3,5562820
2022,1078,1,5664258
2022,1078,2,5668044
2022,1078,3,5672487
2022,1079,1,5840475
2022,1079,2,5853547
2022,1079,3,5873402
2003,108,1,5682100
2003,108,2,5690775
2003,108,3,5691292
2022,1080,1,6990265
2022,1080,2,6991419
2022,1080,3,6991756
2022,1081,1,5645941
2022,1081,2,5666764
2022,1081,3,5691936
2022,1082,1,5781757
2022,1082,2,5782750
2022,1082,3,5788763
2022,1083,1,8270311
2022,1083,2,8274090
2022,1083,3,8276536
2022,1084,1,5064312
2022,1084,2,5065844
2022,1084,3,5105529
2022,1085,1,5402112
2022,1085,2,5412699
2022,1085,3,5418607
2022,1086,1,5975912
2022,1086,2,5983746
2022,1086,3,5988249
2022,1087,1,5152894
2022,1087,2,5170735
2022,1087,3,5179780
2022,1088,1,5802773
2022,1088,2,5806844
2022,1088,3,5813702
2022,1089,1,4827511
2022,1089,2,4829957
2022,1089,3,4830916
2003,109,1,5542195
2003,109,2,5581481
2003,109,3,5606202
2022,1091,1,7340238
2022,1091,2,7342833
2022,1091,3,7350543
2022,1092,1,10904004
2022,1092,2,10931070
2022,1092,3,10935767
2022,1093,1,6131687
2022,1093,2,6136710
2022,1093,3,6139188
2022,1094,1,5916729
2022,1094,2,5931915
2022,1094,3,5934826
2022,1095,1,5914044
2022,1095,2,5915573
2022,1095,3,5918095
2022,1096,1,5265914
2022,1096,2,5274685
2022,1096,3,5276007
2009,11,1,5751289
2009,11,2,5753647
2009,11,3,5767283
2003,110,1,5478200
2003,110,2,5479145
2003,110,3,5484548
2003,111,1,5292058
2003,111,2,5293940
2003,111,3,5294349
2003,112,1,5626933
2003,112,2,5632633
2003,112,3,5644933
2003,113,1,5044888
2003,113,2,5048250
2003,113,3,5048839
2003,114,1,6139010
2003,114,2,6139612
2003,114,3,6140730
2003,115,1,5473591
2003,115,2,5474375
2003,115,3,5474946
2003,116,1,5683622
2003,116,2,5700443
2003,116,3,5723295
2003,117,1,5449213
2003,117,2,5463026
2003,117,3,5468781
2003,118,1,5317554
2003,118,2,5323016
2003,118,3,5328210
2003,119,1,5328769
2003,119,2,5394228
2003,119,3,5397829
2009,12,1,5030995
2009,12,2,5031934
2009,12,3,5034870
2003,120,1,5941460
2003,120,2,5958228
2003,120,3,5975997
2003,121,1,4459838
2003,121,2,4465132
2003,121,3,4471673
2003,122,1,5615997
2003,122,2,5634255
2003,122,3,5653961
2003,123,1,5111743
2003,123,2,5122828
2003,123,3,5123357
2002,124,1,5736792
2002,124,2,5755420
2002,124,3,5761859
2002,125,1,5652912
2002,125,2,5692612
2002,125,3,5714707
2002,126,1,5503662
2002,126,2,5504250
2002,126,3,5562771
2002,127,1,5350789
2002,127,2,5368696
2002,127,3,5370544
2002,128,1,5429981
2002,128,2,5465611
2002,128,3,5472604
2002,129,1,5631562
2002,129,2,5631744
2002,129,3,5649292
2009,13,1,4581706
2009,13,2,4584572
2009,13,3,4612370
2002,130,1,6339055
2002,130,2,6340105
2002,130,3,6406505
2002,131,1,5616111
2002,131,2,5617243
2002,131,3,5623193
2002,132,1,5707426
2002,132,2,5707720
2002,132,3,5753861
2002,133,1,5505015
2002,133,2,5519593
2002,133,3,5536676
2002,134,1,5529837
2002,134,2,5530941
2002,134,3,5561812
2002,135,1,5272078
2002,135,2,5282581
2002,135,3,5286544
2002,136,1,6109001
2002,136,2,6109435
2002,136,3,6122357
2002,137,1,4880634
2002,137,2,4882611
2002,137,3,4899079
2002,138,1,4579982
2002,138,2,4580237
2002,138,3,4632561
2002,139,1,5468000
2002,139,2,5468011
2002,139,3,5475799
2009,14,1,6966337
2009,14,2,6975971
2009,14,3,6982961
2002,140,1,5219698
2002,140,2,5220204
2002,140,3,5242990
2001,141,1,5906533
2001,141,2,5908250
2001,141,3,5940024
2001,142,1,6454801
2001,142,2,6478461
2001,142,3,6483356
2001,143,1,5940834
2001,143,2,5956998
2001,143,3,
2001,144,1,5444817
2001,144,2,5449169
2001,144,3,5479583
2001,145,1,5463305
2001,145,2,5504043
2001,145,3,5512931
2001,146,1,5265927
2001,146,2,5268117
2001,146,3,5268454
2001,147,1,6442561
2001,147,2,6442992
2001,147,3,6473259
2001,148,1,5671522
2001,148,2,5691757
2001,148,3,5712194
2001,149,1,5382724
2001,149,2,5386851
2001,149,3,5407717
2009,15,1,5300443
2009,15,2,5305320
2009,15,3,5306915
2001,150,1,5615636
2001,150,2,5626035
2001,150,3,5632017
2001,151,1,5133770
2001,151,2,5167416
2001,151,3,5193051
2001,152,1,4697873
2001,152,2,4743990
2001,152,3,4760679
2001,153,1,6109675
2001,153,2,6113038
2001,153,3,6113615
2001,154,1,4085002
2001,154,2,4095100
2001,154,3,4112744
2001,155,1,4618493
2001,155,2,4623668
2001,155,3,4635828
2001,156,1,5562840
2001,156,2,5573886
2001,156,3,5574883
2001,157,1,5253298
2001,157,2,5256452
2001,157,3,5276560
2000,158,1,5641987
2000,158,2,5653402
2000,158,3,5661996
2000,159,1,5495271
2000,159,2,5535169
2000,159,3,5537539
2009,16,1,5543081
2009,16,2,5550707
2009,16,3,5562025
2000,160,1,5499776
2000,160,2,5500944
2000,160,3,5550784
2000,161,1,5330108
2000,161,2,5331585
2000,161,3,5350025
2000,162,1,5635390
2000,162,2,5651456
2000,162,3,5664502
2000,163,1,6120307
2000,163,2,6134129
2000,163,3,
2000,164,1,6568213
2000,164,2,6584102
2000,164,3,6586735
2000,165,1,6072313
2000,165,2,6072487
2000,165,3,6087678
2000,166,1,5885538
2000,166,2,5900286
2000,166,3,5917947
2000,167,1,5295818
2000,167,2,5308353
2000,167,3,5326613
2000,168,1,5134418
2000,168,2,5141870
2000,168,3,5155586
2000,169,1,6333869
2000,169,2,6341786
2000,169,3,6342324
2009,17,1,5643414
2009,17,2,5661271
2009,17,3,5661881
2000,170,1,5294494
2000,170,2,5295598
2000,170,3,5332590
2000,171,1,5251638
2000,171,2,5255448
2000,171,3,5304070
2000,172,1,5790883
2000,172,2,5803001
2000,172,3,5808251
2000,173,1,5393435
2000,173,2,5395272
2000,173,3,5463349
2000,174,1,5754235
2000,174,2,5754967
2000,174,3,5772679
1999,175,1,5701659
1999,175,2,5702686
1999,175,3,5708671
1999,176,1,5763785
1999,176,2,5768710
1999,176,3,
1999,177,1,5624792
1999,177,2,5629057
1999,177,3,
1999,178,1,6571812
1999,178,2,6602288
1999,178,3,6609295
1999,179,1,5653665
1999,179,2,5659903
1999,179,3,5664510
2008,18,1,5690616
2008,18,2,5696094
2008,18,3,5698779
1999,180,1,6095727
1999,180,2,6096509
1999,180,3,6097524
1999,181,1,7104343
1999,181,2,7115435
1999,181,3,7147775
1999,182,1,5550144
1999,182,2,5551973
1999,182,3,5577555
1999,183,1,5292438
1999,183,2,5292751
1999,183,3,5314720
1999,184,1,4918594
1999,184,2,4919601
1999,184,3,4923789
1999,185,1,6383536
1999,185,2,6393242
1999,185,3,6410764
1999,186,1,5143057
1999,186,2,5153526
1999,186,3,5176490
1999,187,1,4622923
1999,187,2,4626195
1999,187,3,4634855
1999,188,1,6114314
1999,188,2,6136933
1999,188,3,6137180
1999,189,1,5798494
1999,189,2,5799534
1999,189,3,5808237
2008,19,1,5478555
2008,19,2,5498125
2008,19,3,5517005
1999,190,1,5478785
1999,190,2,5483800
1999,190,3,5574473
1998,191,1,5506000
1998,191,2,5506702
1998,191,3,
1998,192,1,5832200
1998,192,2,5833302
1998,192,3,5892750
1998,193,1,6516100
1998,193,2,6538998
1998,193,3,6573845
1998,194,1,5665400
1998,194,2,5669954
1998,194,3,5717175
1998,195,1,5618300
1998,195,2,5627739
1998,195,3,5665395
1998,196,1,6684400
1998,196,2,6695875
1998,196,3,6725778
1998,197,1,6057300
1998,197,2,6073962
1998,197,3,6117359
1998,198,1,5685000
1998,198,2,5704575
1998,198,3,5704747
1998,199,1,6422400
1998,199,2,6444865
1998,199,3,6451599
2009,2,1,4252092
2009,2,2,4274814
2009,2,3,4275605
2008,20,1,5466970
2008,20,2,5470309
2008,20,3,5471968
1998,200,1,5444000
1998,200,2,5449289
1998,200,3,5483092
1998,201,1,4848000
1998,201,2,4848426
1998,201,3,4850577
1998,202,1,6326400
1998,202,2,6335833
1998,202,3,6370844
1998,203,1,6227407
1998,203,2,6228339
1998,203,3,6234647
1998,204,1,4630300
1998,204,2,4668277
1998,204,3,4671452
1998,205,1,5534789
1998,205,2,5537000
1998,205,3,5568952
1998,206,1,5243400
1998,206,2,5249891
1998,206,3,5271062
1997,207,1,5428718
1997,207,2,5448764
1997,207,3,5450895
1997,208,1,5766990
1997,208,2,5771180
1997,208,3,5782860
1997,209,1,6721715
1997,209,2,6722694
1997,209,3,6733804
2008,21,1,5899051
2008,21,2,5902279
2008,21,3,5903238
1997,210,1,5460673
1997,210,2,5461910
1997,210,3,5539016
1997,211,1,7205654
1997,211,2,7258960
1997,211,3,7287762
1997,212,1,5435896
1997,212,2,5441700
1997,212,3,5448430
1997,213,1,4660646
1997,213,2,4663211
1997,213,3,4663865
1997,214,1,5930492
1997,214,2,5954029
1997,214,3,6005293
1997,215,1,5281665
1997,215,2,5291870
1997,215,3,5292961
1997,216,1,4859046
1997,216,2,4876573
1997,216,3,4883816
1997,217,1,6347149
1997,217,2,6356228
1997,217,3,6367594
1997,218,1,5626717
1997,218,2,5653470
1997,218,3,5658864
1997,219,1,4624609
1997,219,2,4626546
1997,219,3,4628952
2008,22,1,5209451
2008,22,2,5213230
2008,22,3,5213722
1997,220,1,5255999
1997,220,2,5258908
1997,220,3,5259961
1997,221,1,5487843
1997,221,2,5499613
1997,221,3,5501323
1997,222,1,5388446
1997,222,2,5389824
1997,222,3,5414830
1997,223,1,5937771
1997,223,2,5939425
1997,223,3,5939574
1996,224,1,5570400
1996,224,2,5608420
1996,224,3,5632971
1996,225,1,6592976
1996,225,2,6610958
1996,225,3,
1996,226,1,6895322
1996,226,2,6907489
1996,226,3,6910076
1996,227,1,5606473
1996,227,2,5607235
1996,227,3,5639307
1996,228,1,5726156
1996,228,2,5742616
1996,228,3,5773047
1996,229,1,7245629
1996,229,2,7250457
1996,229,3,7283132
2008,23,1,7242742
2008,23,2,7245806
2008,23,3,7247553
1996,230,1,7189307
1996,230,2,7234609
1996,230,3,7237695
1996,231,1,5763400
1996,231,2,5767583
1996,231,3,5818056
1996,232,1,5789200
1996,232,2,5797327
1996,232,3,5835642
1996,233,1,5580874
1996,233,2,5599900
1996,233,3,5631704
1996,234,1,4903417
1996,234,2,4914869
1996,234,3,4937343
1996,235,1,6381134
1996,235,2,6381905
1996,235,3,6465346
1996,236,1,5295125
1996,236,2,5300727
1996,236,3,5310835
1996,237,1,4663632
1996,237,2,4681897
1996,237,3,4730267
1996,238,1,6022915
1996,238,2,6042881
1996,238,3,6076680
1996,239,1,5553791
1996,239,2,5555674
1996,239,3,5557003
2008,24,1,5784227
2008,24,2,5800722
2008,24,3,5807579
1995,240,1,5914154
1995,240,2,5925214
1995,240,3,
1995,241,1,6794532
1995,241,2,6800939
1995,241,3,6827908
1995,242,1,6102522
1995,242,2,6121032
1995,242,3,6145638
1995,243,1,5660507
1995,243,2,5712495
1995,243,3,5725744
1995,244,1,6791258
1995,244,2,6826075
1995,244,3,6862705
1995,245,1,6294171
1995,245,2,6325858
1995,245,3,6327441
1995,246,1,5908429
1995,246,2,5939738
1995,246,3,5971255
1995,247,1,5675093
1995,247,2,5691572
1995,247,3,5698981
1995,248,1,4976043
1995,248,2,4982031
1995,248,3,5044140
1995,249,1,6385721
1995,249,2,6419119
1995,249,3,
2008,25,1,5510245
2008,25,2,5528229
2008,25,3,5538495
1995,250,1,5807875
1995,250,2,5827368
1995,250,3,5832873
1995,251,1,4707916
1995,251,2,4725695
1995,251,3,4732237
1995,252,1,6112145
1995,252,2,6119393
1995,252,3,6134266
1995,253,1,5999044
1995,253,2,6001728
1995,253,3,6034426
1995,254,1,6529972
1995,254,2,6544892
1995,254,3,6578305
1995,255,1,5812930
1995,255,2,5832267
1995,255,3,5896734
1995,256,1,6555946
1995,256,2,
1995,256,3,
1994,257,1,5739200
1994,257,2,
1994,257,3,
1994,258,1,6361693
1994,258,2,6436993
1994,258,3,
1994,259,1,5308642
1994,259,2,5363584
1994,259,3,5379321
2008,26,1,5949440
2008,26,2,6018017
2008,26,3,6031713
1994,260,1,6595300
1994,260,2,6632578
1994,260,3,6672124
1994,261,1,5774300
1994,261,2,5798466
1994,261,3,5861269
1994,262,1,6272100
1994,262,2,6311760
1994,262,3,6345438
1994,263,1,5916200
1994,263,2,5928842
1994,263,3,5968965
1994,264,1,5403640
1994,264,2,5471768
1994,264,3,5504299
1994,265,1,4957200
1994,265,2,5011979
1994,265,3,5022621
1994,266,1,6480185
1994,266,2,6501012
1994,266,3,6550514
1994,267,1,5327100
1994,267,2,5378481
1994,267,3,5397553
1994,268,1,4683200
1994,268,2,4688130
1994,268,3,4708840
1994,269,1,6310100
1994,269,2,6310703
1994,269,3,6330293
2008,27,1,5480874
2008,27,2,5486460
2008,27,3,5490213
1994,270,1,6027300
1994,270,2,6051989
1994,270,3,6096948
1994,271,1,6953532
1994,271,2,6956897
1994,271,3,7005577
1994,272,1,6471400
1994,272,2,6473911
1994,272,3,6523887
1993,273,1,5925082
1993,273,2,6004906
1993,273,3,
1993,274,1,6675485
1993,274,2,6692110
1993,274,3,6720921
1993,275,1,6646570
1993,275,2,6729769
1993,275,3,
1993,276,1,5600413
1993,276,2,5632823
1993,276,3,
1993,277,1,5547685
1993,277,2,5564558
1993,277,3,5574810
1993,278,1,6730947
1993,278,2,6783065
1993,278,3,6794309
1993,279,1,5801822
1993,279,2,5816349
1993,279,3,5854507
2008,28,1,5847067
2008,28,2,5858128
2008,28,3,5863923
1993,280,1,5915241
1993,280,2,5915583
1993,280,3,5936450
1993,281,1,5138189
1993,281,2,5145849
1993,281,3,5215671
1993,282,1,4720885
1993,282,2,4737549
1993,282,3,4780234
1993,283,1,6459098
1993,283,2,6531013
1993,283,3,6537140
1993,284,1,5072124
1993,284,2,5075792
1993,284,3,5087112
1993,285,1,4627509
1993,285,2,4667521
1993,285,3,
1993,286,1,5566309
1993,286,2,5567291
1993,286,3,5574515
1993,287,1,6027912
1993,287,2,6039347
1993,287,3,6054041
1993,288,1,6207476
1993,288,2,6216735
1993,288,3,6241378
1992,289,1,5805320
1992,289,2,5829680
1992,289,3,5839995
2008,29,1,5732339
2008,29,2,5737950
2008,29,3,5769692
1992,290,1,5513587
1992,290,2,5526558
1992,290,3,5535016
1992,291,1,5811856
1992,291,2,5841186
1992,291,3,
1992,292,1,6970674
1992,292,2,6994588
1992,292,3,6997136
1992,293,1,5320927
1992,293,2,5330378
1992,293,3,5369911
1992,294,1,6659372
1992,294,2,6659587
1992,294,3,6691215
1992,295,1,5828299
1992,295,2,5840700
1992,295,3,5895626
1992,296,1,5888459
1992,296,2,5934906
1992,296,3,5961038
1992,297,1,5142991
1992,297,2,5182085
1992,297,3,5191386
1992,298,1,4702032
1992,298,2,4706532
1992,298,3,4736494
1992,299,1,6379216
1992,299,2,6419355
1992,299,3,6429998
2009,3,1,7063485
2009,3,2,7074455
2009,3,3,7108460
2008,30,1,4979394
2008,30,2,4988777
2008,30,3,4989933
1992,300,1,5770721
1992,300,2,5807316
1992,300,3,5814618
1992,301,1,4695349
1992,301,2,4712399
1992,301,3,4719722
1992,302,1,5686659
1992,302,2,5724192
1992,302,3,
1992,303,1,5589533
1992,303,2,5603262
1992,303,3,5665036
1992,304,1,6414786
1992,304,2,6415527
1992,304,3,6468942
1991,305,1,7247828
1991,305,2,7264150
1991,305,3,7325204
1991,306,1,5908128
1991,306,2,5911119
1991,306,3,5913544
1991,307,1,5714750
1991,307,2,5716425
1991,307,3,
1991,308,1,6782334
1991,308,2,6800682
1991,308,3,6829789
1991,309,1,5931490
1991,309,2,5963322
1991,309,3,5973707
2008,31,1,5207494
2008,31,2,5220006
2008,31,3,5227965
1991,310,1,5392205
1991,310,2,5393541
1991,310,3,5449561
1991,311,1,5880056
1991,311,2,5885059
1991,311,3,5914990
1991,312,1,5255479
1991,312,2,5297772
1991,312,3,5315629
1991,313,1,4769661
1991,313,2,4783440
1991,313,3,4787279
1991,314,1,6552796
1991,314,2,6557395
1991,314,3,6568390
1991,315,1,5237669
1991,315,2,5239570
1991,315,3,5269845
1991,316,1,4674319
1991,316,2,4690581
1991,316,3,4691148
1991,317,1,5742304
1991,317,2,5763245
1991,317,3,5795858
1991,318,1,5921541
1991,318,2,5932872
1991,318,3,5937450
1991,319,1,5530695
1991,319,2,5531039
1991,319,3,5587426
2008,32,1,7036304
2008,32,2,7039261
2008,32,3,7042221
1991,320,1,1474899
1991,320,2,1476158
1991,320,3,1480019
1990,321,1,6752829
1990,321,2,6761514
1990,321,3,6806909
1990,322,1,5841258
1990,322,2,5854822
1990,322,3,5878980
1990,323,1,5455478
1990,323,2,5460595
1990,323,3,5461718
1990,324,1,6766982
1990,324,2,6768069
1990,324,3,6769055
1990,325,1,6176400
1990,325,2,6186897
1990,325,3,6189785
1990,326,1,5555783
1990,326,2,5581134
1990,326,3,5581313
1990,327,1,5609606
1990,327,2,5618232
1990,327,3,5621212
1990,328,1,4710999
1990,328,2,4750091
1990,328,3,4754087
1990,329,1,4847164
1990,329,2,4853684
1990,329,3,4855717
2008,33,1,5421892
2008,33,2,5427175
2008,33,3,5428292
1990,330,1,6570597
1990,330,2,6570885
1990,330,3,6598490
1990,331,1,5191997
1990,331,2,5195547
1990,331,3,5220459
1990,332,1,4677878
1990,332,2,4683932
1990,332,3,4685282
1990,333,1,4931014
1990,333,2,4933822
1990,333,3,4935203
1990,334,1,6481461
1990,334,2,6503525
1990,334,3,6516335
1990,335,1,5676824
1990,335,2,5684047
1990,335,3,5699293
1990,336,1,6584570
1990,336,2,6587699
1990,336,3,6621829
2010,337,1,5960396
2010,337,2,5976495
2010,337,3,5983578
2010,338,1,5616531
2010,338,2,5628565
2010,338,3,5631019
2010,339,1,5628412
2010,339,2,5633261
2010,339,3,5641916
2008,34,1,5517403
2008,34,2,5532328
2008,34,3,5533848
2010,340,1,6402163
2010,340,2,6403693
2010,340,3,6411647
2010,341,1,5744101
2010,341,2,5768166
2010,341,3,5795439
2010,342,1,6613355
2010,342,2,6613803
2010,342,3,6615030
2010,343,1,5327620
2010,343,2,5330265
2010,343,3,5351905
2010,344,1,5633456
2010,344,2,5635710
2010,344,3,5642670
2010,345,1,6029571
2010,345,2,6034613
2010,345,3,6042229
2010,346,1,5078200
2010,346,2,5079560
2010,346,3,5099507
2010,347,1,5258864
2010,347,2,5263060
2010,347,3,5263985
2010,348,1,6065571
2010,348,2,6083392
2010,348,3,6084823
2010,349,1,5344268
2010,349,2,5345839
2010,349,3,5347761
2008,35,1,5651435
2008,35,2,5664733
2008,35,3,5667670
2010,350,1,4584572
2010,350,2,4587510
2010,350,3,4588795
2010,351,1,7073579
2010,351,2,7073872
2010,351,3,7102720
2010,352,1,5427323
2010,352,2,5428228
2010,352,3,5430044
2010,353,1,10100810
2010,353,2,10115809
2010,353,3,10131678
2010,354,1,5591803
2010,354,2,5596046
2010,354,3,5598610
2010,355,1,5976837
2010,355,2,5986999
2010,355,3,5987884
1989,356,1,5938744
1989,356,2,5946553
1989,356,3,5948114
1989,357,1,5211245
1989,357,2,5251470
1989,357,3,
1989,358,1,6813251
1989,358,2,6865780
1989,358,3,
1989,359,1,5721431
1989,359,2,5736991
1989,359,3,5752685
2007,36,1,5128770
2007,36,2,5136012
2007,36,3,5147365
1989,360,1,7293133
1989,360,2,7332829
1989,360,3,7336343
1989,361,1,7284073
1989,361,2,7314080
1989,361,3,7380722
1989,362,1,5909411
1989,362,2,5953428
1989,362,3,5976332
1989,363,1,4762131
1989,363,2,4781500
1989,363,3,4810150
1989,364,1,4903302
1989,364,2,4921453
1989,364,3,4986556
1989,365,1,6578650
1989,365,2,6604617
1989,365,3,6617004
1989,366,1,6054196
1989,366,2,6055500
1989,366,3,6056020
1989,367,1,4767550
1989,367,2,4774876
1989,367,3,4782525
1989,368,1,5808546
1989,368,2,5841183
1989,368,3,5863871
1989,369,1,6468264
1989,369,2,6495315
1989,369,3,6522052
2007,37,1,5534930
2007,37,2,5552487
2007,37,3,5553269
1989,370,1,5706277
1989,370,2,5718181
1989,370,3,5719723
1989,371,1,7217421
1989,371,2,7246079
1989,371,3,7255104
1988,372,1,5766857
1988,372,2,5776730
1988,372,3,5835448
1988,373,1,5561264
1988,373,2,5563598
1988,373,3,
1988,374,1,7037077
1988,374,2,7057530
1988,374,3,7078306
1988,375,1,5415737
1988,375,2,5422841
1988,375,3,5473051
1988,376,1,5986618
1988,376,2,5992552
1988,376,3,6038027
1988,377,1,6896035
1988,377,2,6934748
1988,377,3,
1988,378,1,5857328
1988,378,2,5889080
1988,378,3,5923833
1988,379,1,5596367
1988,379,2,5619711
1988,379,3,5647581
2007,38,1,5607515
2007,38,2,5609875
2007,38,3,5618354
1988,380,1,5574188
1988,380,2,5587797
1988,380,3,5626283
1988,381,1,7067081
1988,381,2,7067610
1988,381,3,7098491
1988,382,1,5280549
1988,382,2,5311019
1988,382,3,5356317
1988,383,1,4659744
1988,383,2,4660246
1988,383,3,4695276
1988,384,1,5860958
1988,384,2,5870511
1988,384,3,5905577
1988,385,1,6523851
1988,385,2,6550083
1988,385,3,6559297
1988,386,1,5606173
1988,386,2,5619536
1988,386,3,5642282
1988,387,1,6794676
1988,387,2,6831063
1988,387,3,6842222
1987,388,1,5985141
1987,388,2,6025688
1987,388,3,6041899
1987,389,1,5484076
1987,389,2,5511621
1987,389,3,5523220
2007,39,1,5496230
2007,39,2,5503020
2007,39,3,5513686
1987,390,1,5223217
1987,390,2,5247981
1987,390,3,
1987,391,1,7074085
1987,391,2,7107297
1987,391,3,7146924
1987,392,1,6616358
1987,392,2,6650177
1987,392,3,6661685
1987,393,1,5823839
1987,393,2,5831550
1987,393,3,5879094
1987,394,1,4751780
1987,394,2,4753698
1987,394,3,
1987,395,1,4885091
1987,395,2,4984682
1987,395,3,
1987,396,1,7166793
1987,396,2,7204520
1987,396,3,7254249
1987,397,1,4724898
1987,397,2,4780602
1987,397,3,
1987,398,1,4487707
1987,398,2,4489513
1987,398,3,4536743
1987,399,1,5823906
1987,399,2,5844399
1987,399,3,5887201
2009,4,1,5508182
2009,4,2,5515369
2009,4,3,5517352
2007,40,1,6029329
2007,40,2,6033424
2007,40,3,6098443
1987,400,1,6552692
1987,400,2,6574917
1987,400,3,6583510
1987,401,1,5184207
1987,401,2,5210383
1987,401,3,5271086
1987,402,1,5578072
1987,402,2,5595456
1987,402,3,5595766
1987,403,1,6776144
1987,403,2,6844028
1987,403,3,
1986,404,1,5972583
1986,404,2,6007410
1986,404,3,6032342
1986,405,1,6527735
1986,405,2,6527749
1986,405,3,6549287
1986,406,1,5548408
1986,406,2,5556053
1986,406,3,
1986,407,1,6941060
1986,407,2,6966082
1986,407,3,6994706
1986,408,1,5277925
1986,408,2,5297752
1986,408,3,5301517
1986,409,1,6146415
1986,409,2,6167074
1986,409,3,6182677
2007,41,1,6251292
2007,41,2,6255635
2007,41,3,6256617
1986,410,1,6672847
1986,410,2,6703864
1986,410,3,6704671
1986,411,1,5839272
1986,411,2,5856400
1986,411,3,5876817
1986,412,1,5438471
1986,412,2,5444045
1986,412,3,
1986,413,1,4928263
1986,413,2,4943700
1986,413,3,4972843
1986,414,1,7234508
1986,414,2,7252181
1986,414,3,
1986,415,1,4882531
1986,415,2,
1986,415,3,
1986,416,1,4662889
1986,416,2,4672717
1986,416,3,4685804
1986,417,1,5841900
1986,417,2,5860672
1986,417,3,5891174
1986,418,1,5598700
1986,418,2,5624138
1986,418,3,5651213
1986,419,1,6860388
1986,419,2,6864593
1986,419,3,
2007,42,1,5469965
2007,42,2,5471465
2007,42,3,5482765
1985,420,1,6086115
1985,420,2,6089374
1985,420,3,
1985,421,1,7228006
1985,421,2,7290984
1985,421,3,
1985,422,1,5675955
1985,422,2,
1985,422,3,
1985,423,1,6718034
1985,423,2,6725575
1985,423,3,6805205
1985,424,1,6361813
1985,424,2,6363770
1985,424,3,6366154
1985,425,1,6939851
1985,425,2,6997400
1985,425,3,7003021
1985,426,1,5506266
1985,426,2,5512926
1985,426,3,5515551
1985,427,1,4690436
1985,427,2,
1985,427,3,
1985,428,1,5731337
1985,428,2,5742998
1985,428,3,5782491
1985,429,1,4812583
1985,429,2,4842585
1985,429,3,4846939
2007,43,1,5454200
2007,43,2,5456614
2007,43,3,5486353
1985,430,1,5549263
1985,430,2,5549495
1985,430,3,5597754
1985,431,1,4679451
1985,431,2,4731086
1985,431,3,4739841
1985,432,1,5659893
1985,432,2,5688315
1985,432,3,5715002
1985,433,1,5578109
1985,433,2,5599505
1985,433,3,5636642
1985,434,1,5302866
1985,434,2,5310438
1985,434,3,
1985,435,1,7240473
1985,435,2,7283603
1985,435,3,7329009
1984,436,1,6154492
1984,436,2,6195006
1984,436,3,6213620
1984,437,1,5363430
1984,437,2,5429380
1984,437,3,
1984,438,1,5792048
1984,438,2,5834434
1984,438,3,5861851
1984,439,1,5813679
1984,439,2,5827095
1984,439,3,
2007,44,1,4903074
2007,44,2,4905533
2007,44,3,4942447
1984,440,1,5471951
1984,440,2,5479105
1984,440,3,5495920
1984,441,1,3667740
1984,441,2,3675186
1984,441,3,3696817
1984,442,1,6383748
1984,442,2,6386360
1984,442,3,6471780
1984,443,1,6941842
1984,443,2,6974480
1984,443,3,7028370
1984,444,1,7282617
1984,444,2,7305081
1984,444,3,
1984,445,1,5368532
1984,445,2,5410655
1984,445,3,5431860
1984,446,1,5083210
1984,446,2,5086359
1984,446,3,5119633
1984,447,1,4872851
1984,447,2,4896376
1984,447,3,4921849
1984,448,1,5841468
1984,448,2,5851751
1984,448,3,5921012
1984,449,1,4829065
1984,449,2,4853314
1984,449,3,
2007,45,1,7586358
2007,45,2,7594513
2007,45,3,7652032
1984,450,1,5713284
1984,450,2,5737195
1984,450,3,5738206
1984,451,1,6071753
1984,451,2,6085178
1984,451,3,6091795
1983,452,1,6507731
1983,452,3,6559614
1983,453,1,6814889
1983,453,2,6842882
1983,453,3,6888527
1983,454,1,5653913
1983,454,2,5683633
1983,454,3,5694145
1983,455,1,5872460
1983,455,2,5921241
1983,455,3,
1983,456,1,6998121
1983,456,2,7016596
1983,456,3,7029487
1983,457,1,5231502
1983,457,2,5254684
1983,457,3,5271371
1983,458,1,6653669
1983,458,2,6661371
1983,458,3,6662952
1983,459,1,6511838
1983,459,2,6553867
1983,459,3,6564448
2007,46,1,5752991
2007,46,2,5753706
2007,46,3,5796120
1983,460,1,5079780
1983,460,2,5098941
1983,460,3,5106026
1983,461,1,5230319
1983,461,2,5300971
1983,461,3,5334412
1983,462,1,5072745
1983,462,2,5079580
1983,462,3,5100404
1983,463,1,5921950
1983,463,2,5942789
1983,463,3,5965691
1983,464,1,4990880
1983,464,2,5001092
1983,464,3,5009492
1983,465,1,5805865
1983,465,2,5812436
1983,465,3,5836180
1983,466,1,5605708
1983,466,2,5615027
1983,466,3,5627677
1982,467,1,5528401
1982,467,2,5543347
1982,467,3,5556301
1982,468,1,6273134
1982,468,2,6276124
1982,468,3,6309993
1982,469,1,7105318
1982,469,2,7119978
1982,469,3,7184461
2007,47,1,5202161
2007,47,2,5204436
2007,47,3,5228342
1982,470,1,5798887
1982,470,2,5799253
1982,470,3,5866571
1982,471,1,5741995
1982,471,2,5749263
1982,471,3,
1982,472,1,6851259
1982,472,2,
1982,472,3,
1982,473,1,7121043
1982,473,2,7136769
1982,473,3,7149120
1982,474,1,6399577
1982,474,2,6413376
1982,474,3,6461413
1982,475,1,5883254
1982,475,2,5904903
1982,475,3,5905619
1982,476,1,5733812
1982,476,2,5759538
1982,476,3,5772248
1982,477,1,5613217
1982,477,2,5630525
1982,477,3,5655345
1982,478,1,5245178
1982,478,2,5261557
1982,478,3,
1982,479,1,5102212
1982,479,2,5102262
1982,479,3,
2007,48,1,4717806
2007,48,2,4723868
2007,48,3,4745131
1982,480,1,5561087
1982,480,2,5565529
1982,480,3,5621430
1982,481,1,4945734
1982,481,2,4959798
1982,481,3,4994186
1982,482,1,6116888
1982,482,2,6144180
1982,482,3,6173338
1981,483,1,6641330
1981,483,2,6650520
1981,483,3,6676250
1981,484,1,7223660
1981,484,2,7228100
1981,484,3,7286740
1981,485,1,5672740
1981,485,2,5699350
1981,485,3,5722720
1981,486,1,6683970
1981,486,2,6688550
1981,486,3,6690310
1981,487,1,4591610
1981,487,2,4627670
1981,487,3,4635300
1981,488,1,6863380
1981,488,2,6903290
1981,488,3,6952620
1981,489,1,6395010
1981,489,2,6395230
1981,489,3,6395590
2007,49,1,4839066
2007,49,2,4843761
2007,49,3,4853409
1981,490,1,5748130
1981,490,2,5750420
1981,490,3,5772350
1981,491,1,5214800
1981,491,2,5255450
1981,491,3,
1981,492,1,5155600
1981,492,2,5167120
1981,492,3,5220200
1981,493,1,5256470
1981,493,2,5261640
1981,493,3,5263810
1981,494,1,6022430
1981,494,2,6030670
1981,494,3,6057930
1981,495,1,5196897
1981,495,2,5219072
1981,495,3,5247484
1981,496,1,7285200
1981,496,2,7291430
1981,496,3,7395470
1981,497,1,6249077
1981,497,2,6269125
1981,497,3,6269505
1980,498,1,6204380
1980,498,2,6228970
1980,498,3,6283020
1980,499,1,6001330
1980,499,2,6023190
1980,499,3,6067440
2009,5,1,5839202
2009,5,2,5852258
2009,5,3,5853126
2007,50,1,7234579
2007,50,2,7242956
2007,50,3,7244057
1980,500,1,5812540
1980,500,2,5846610
1980,500,3,5865030
1980,501,1,6619400
1980,501,2,6668612
1980,501,3,6697963
1980,502,1,5927400
1980,502,2,5974770
1980,502,3,6011520
1980,503,1,6934365
1980,503,2,7007994
1980,503,3,7012091
1980,504,1,5563400
1980,504,2,5567920
1980,504,3,5593660
1980,505,1,5689228
1980,505,2,5700235
1980,505,3,5702513
1980,506,1,5039730
1980,506,2,5042920
1980,506,3,5083260
1980,507,1,5175730
1980,507,2,5176550
1980,507,3,5195090
1980,508,1,5893830
1980,508,2,5906760
1980,508,3,5907260
1980,509,1,5887520
1980,509,2,5916450
1980,509,3,5961190
2007,51,1,5878395
2007,51,2,5888201
2007,51,3,5891286
1980,510,1,6405530
1980,510,2,6421070
1980,510,3,6424600
1980,511,1,5676050
1980,511,2,5680260
1980,511,3,5688620
1979,512,1,5763210
1979,512,2,5778150
1979,512,3,5852020
1979,513,1,6009640
1979,513,2,6014920
1979,513,3,6053780
1979,514,1,6109960
1979,514,2,6113380
1979,514,3,6132070
1979,515,1,6625400
1979,515,2,6654780
1979,515,3,6685090
1979,516,1,5951840
1979,516,2,5972780
1979,516,3,5979150
1979,517,1,5999530
1979,517,2,6014890
1979,517,3,6034700
1979,518,1,6922480
1979,518,2,6922920
1979,518,3,6931050
1979,519,1,5720420
1979,519,2,5735010
1979,519,3,5735250
2007,52,1,5295270
2007,52,2,5296763
2007,52,3,5352289
1979,520,1,5171170
1979,520,2,5195450
1979,520,3,
1979,521,1,5088830
1979,521,2,5091740
1979,521,3,5107220
1979,522,1,5258010
1979,522,2,5294060
1979,522,3,5304780
1979,523,1,6079775
1979,523,2,6101558
1979,523,3,6143028
1979,524,1,4920220
1979,524,2,4920680
1979,524,3,4925000
1979,525,1,6726892
1979,525,2,6727972
1979,525,3,6800548
1979,526,1,6737734
1979,526,2,6786521
1979,526,3,6790933
1978,527,1,5824470
1978,527,2,5837680
1978,527,3,5838110
1978,528,1,6599860
1978,528,2,6648990
1978,528,3,6656880
1978,529,1,6135767
1978,529,2,6136233
1978,529,3,6140209
2006,53,1,5386205
2006,53,2,5387451
2006,53,3,5405565
1978,530,1,6721301
1978,530,2,6732362
1978,530,3,6750252
1978,531,1,6914660
1978,531,2,6937110
1978,531,3,6946950
1978,532,1,5992020
1978,532,2,6001920
1978,532,3,6016360
1978,533,1,6107060
1978,533,2,6126620
1978,533,3,6144300
1978,534,1,6060606
1978,534,2,6094625
1978,534,3,6094711
1978,535,1,5931920
1978,535,2,5934850
1978,535,3,5951720
1978,536,1,6132390
1978,536,2,6133620
1978,536,3,6169640
1978,537,1,5280900
1978,537,2,5296250
1978,537,3,5308910
1978,538,1,6081570
1978,538,2,6129010
1978,538,3,6181330
1978,539,1,6064230
1978,539,2,6064550
1978,539,3,6076440
2006,54,1,5440529
2006,54,2,5445114
2006,54,3,5450160
1978,540,1,4024540
1978,540,2,4026020
1978,540,3,4045010
1978,541,1,6048800
1978,541,2,6068539
1978,541,3,6094501
1978,542,1,7069196
1978,542,2,7082568
1978,542,3,7088604
1977,543,1,6011190
1977,543,2,6054430
1977,543,3,6057210
1977,544,1,6307720
1977,544,2,6318430
1977,544,3,6415230
1977,545,1,6141600
1977,545,2,6146800
1977,545,3,6147300
1977,546,1,6695470
1977,546,2,6696243
1977,546,3,6700327
1977,547,1,6172220
1977,547,2,6188070
1977,547,3,6196730
1977,548,1,7072770
1977,548,2,7073659
1977,548,3,7105570
1977,549,1,6905710
1977,549,2,6919900
1977,549,3,6925660
2006,55,1,5667870
2006,55,2,5669670
2006,55,3,5692670
1977,550,1,6416400
1977,550,2,6424849
1977,550,3,6430769
1977,551,1,5980130
1977,551,2,5981680
1977,551,3,6014000
1977,552,1,5506060
1977,552,2,5524370
1977,552,3,5525630
1977,553,1,5509300
1977,553,2,5523630
1977,553,3,5530200
1977,554,1,5836490
1977,554,2,5856620
1977,554,3,5870990
1977,555,1,6105930
1977,555,2,6107820
1977,555,3,
1977,556,1,5270300
1977,556,2,5287260
1977,556,3,5293930
1977,557,1,7103267
1977,557,2,7105293
1977,557,3,7182146
1977,558,1,6000000
1977,558,2,6006770
1977,558,3,6015760
1977,559,1,5511680
1977,559,2,5574130
1977,559,3,5578070
2006,56,1,5466486
2006,56,2,5468582
2006,56,3,5482354
1976,560,1,6316780
1976,560,2,6338250
1976,560,3,6340620
1976,561,1,6138400
1976,561,2,6139700
1976,561,3,6184300
1976,562,1,6798471
1976,562,2,6840885
1976,562,3,6848443
1976,563,1,6140430
1976,563,2,6171400
1976,563,3,6188450
1976,564,1,6173230
1976,564,2,6176690
1976,564,3,6208610
1976,565,1,7191470
1976,565,2,7202600
1976,565,3,7256310
1976,566,1,6413729
1976,566,2,6433495
1976,566,3,6447595
1976,567,1,6058600
1976,567,2,6071300
1976,567,3,6082150
1976,568,1,6259660
1976,568,2,6275840
1976,568,3,
1976,569,1,6102700
1976,569,2,6130400
1976,569,3,6155100
2006,57,1,5758765
2006,57,2,5762516
2006,57,3,5763212
1976,570,1,5407860
1976,570,2,5418650
1976,570,3,5419840
1976,571,1,6292090
1976,571,2,6293010
1976,571,3,6294180
1976,572,1,5435600
1976,572,2,5437900
1976,572,3,5438600
1976,573,1,6009626
1976,573,2,6015957
1976,573,3,6019992
1976,574,1,6160742
1976,574,2,6168772
1976,574,3,6223066
1976,575,1,6238860
1976,575,2,
1976,575,3,
1975,576,1,5966290
1975,576,2,5972200
1975,576,3,5983350
1975,577,1,6281170
1975,577,2,6286960
1975,577,3,6307830
1975,578,1,6196900
1975,578,2,6200640
1975,578,3,6213820
1975,579,1,2573700
1975,579,2,2574800
1975,579,3,
2006,58,1,5181759
2006,58,2,5200261
2006,58,3,5205710
1975,580,1,7281310
1975,580,2,7284090
1975,580,3,7299120
1975,581,1,6233980
1975,581,2,6253200
1975,581,3,6275800
1975,582,1,7158319
1975,582,2,7164607
1975,582,3,7187414
1975,583,1,6417400
1975,583,2,6418460
1975,583,3,6472460
1975,584,1,6018840
1975,584,2,6020430
1975,584,3,6021150
1975,585,1,4925000
1975,585,2,
1975,585,3,
1975,586,1,6074100
1975,586,2,6171800
1975,586,3,6217400
1975,587,1,3476690
1975,587,2,3503720
1975,587,3,3511540
1975,588,1,4962600
1975,588,2,4979200
1975,588,3,4985800
1975,589,1,6178175
1975,589,2,6183118
1975,589,3,6225812
2006,59,1,6223116
2006,59,2,6237683
2006,59,3,6275414
1974,590,1,6062010
1974,590,2,6071280
1974,590,3,6082420
1974,591,1,5077060
1974,591,2,5090630
1974,591,3,
1974,592,1,6160960
1974,592,2,6194900
1974,592,3,6203120
1974,593,1,7229560
1974,593,2,7265170
1974,593,3,
1974,594,1,6260570
1974,594,2,6260920
1974,594,3,6306180
1974,595,1,7083700
1974,595,2,7112500
1974,595,3,7132600
1974,596,1,7111391
1974,596,2,7111771
1974,596,3,7114716
1974,597,1,6180350
1974,597,2,6188600
1974,597,3,6210620
1974,598,1,4915020
1974,598,2,4935380
1974,598,3,4942860
1974,599,1,6182200
1974,599,2,6197500
1974,599,3,6243700
2009,6,1,6044282
2009,6,2,6051948
2009,6,3,6057724
2006,60,1,5151927
2006,60,2,5165878
2006,60,3,5170599
1974,600,1,6095000
1974,600,2,6145700
1974,600,3,6178300
1974,601,1,5324720
1974,601,2,5367640
1974,601,3,5386260
1974,602,1,4976600
1974,602,2,4977400
1974,602,3,5001300
1974,603,1,6026136
1974,603,2,6039170
1974,603,3,6040630
1974,604,1,6021439
1974,604,2,6032174
1974,604,3,6091823
1973,605,1,6978220
1973,605,2,6982910
1973,605,3,7011410
1973,606,1,6235600
1973,606,2,6249100
1973,606,3,6342000
1973,607,1,6191070
1973,607,2,6215620
1973,607,3,6216130
1973,608,1,6498700
1973,608,2,6541400
1973,608,3,6571800
1973,609,1,6133430
1973,609,2,6165270
1973,609,3,6256220
2006,61,1,5677308
2006,61,2,5679408
2006,61,3,5686108
1973,610,1,7064300
1973,610,2,7065600
1973,610,3,
1973,611,1,7006049
1973,611,2,7010088
1973,611,3,7020716
1973,612,1,6096520
1973,612,2,6137440
1973,612,3,6143000
1973,613,1,5358500
1973,613,2,5361300
1973,613,3,5361500
1973,614,1,5952450
1973,614,2,5968280
1973,614,3,6015460
1973,615,1,6123000
1973,615,2,6124600
1973,615,3,6164200
1973,616,1,5328780
1973,616,2,5337790
1973,616,3,5375420
1973,617,1,5357000
1973,617,2,5357800
1973,617,3,5385800
1973,618,1,7144083
1973,618,2,7176817
1973,618,3,7178588
1973,619,1,6075779
1973,619,2,6076447
1973,619,3,6098709
2006,62,1,5675199
2006,62,2,5683183
2006,62,3,5691794
1972,620,1,7079100
1972,620,2,7105060
1972,620,3,7138490
1972,621,1,6349100
1972,621,2,6363200
1972,621,3,6374900
1972,622,1,7421200
1972,622,2,7440120
1972,622,3,
1972,623,1,8815300
1972,623,2,8853500
1972,623,3,
1972,624,1,6247300
1972,624,2,6273900
1972,624,3,6305400
1972,625,1,6742500
1972,625,2,6770200
1972,625,3,6774400
1972,626,1,6470200
1972,626,2,6474300
1972,626,3,6542700
1972,627,1,6132300
1972,627,2,6180600
1972,627,3,6199000
1972,628,1,5356660
1972,628,2,5357840
1972,628,3,5393190
1972,629,1,5398400
1972,629,2,5412900
1972,629,3,5422200
2006,63,1,5527803
2006,63,2,5537903
2006,63,3,5550303
1972,630,1,6197100
1972,630,2,6245300
1972,630,3,6251700
1972,631,1,6105354
1972,631,2,6137622
1972,631,3,6142882
1971,632,1,6455500
1971,632,2,6476400
1971,632,3,6486900
1971,633,1,6543400
1971,633,2,6546800
1971,633,3,6601500
1971,634,1,6741300
1971,634,2,6766900
1971,634,3,6794600
1971,635,1,6980000
1971,635,2,6987990
1971,635,3,
1971,636,1,6402300
1971,636,2,6430420
1971,636,3,6436370
1971,637,1,5491500
1971,637,2,5527600
1971,637,3,5542000
1971,638,1,5356300
1971,638,2,5386400
1971,638,3,5393400
1971,639,1,5423910
1971,639,2,5428030
1971,639,3,5443680
2006,64,1,5271693
2006,64,2,5272393
2006,64,3,5284893
1971,640,1,4692600
1971,640,2,4692610
1971,640,3,4692690
1971,641,1,6913100
1971,641,2,6951400
1971,641,3,7008900
1971,642,1,6231991
1971,642,2,6272053
1971,642,3,6276061
1970,643,1,6575400
1970,643,2,6583500
1970,643,3,6592500
1970,644,1,7858200
1970,644,2,
1970,644,3,
1970,645,1,6877400
1970,645,2,6900500
1970,645,3,6928800
1970,646,1,5890100
1970,646,2,5891200
1970,646,3,5993800
1970,647,1,6643400
1970,647,2,6673400
1970,647,3,
1970,648,1,6957000
1970,648,2,6964610
1970,648,3,7001830
1970,649,1,7022000
1970,649,2,7054900
1970,649,3,7076400
2006,65,1,6740941
2006,65,2,6771778
2006,65,3,6784763
1970,650,1,6120300
1970,650,2,6121000
1970,650,3,6202100
1970,651,1,6137300
1970,651,2,6137910
1970,651,3,6225180
1970,652,1,5947100
1970,652,2,5952830
1970,652,3,5952900
1970,653,1,4878400
1970,653,2,4893200
1970,653,3,4936300
1970,654,1,7052790
1970,654,2,7089180
1970,654,3,7097960
1970,655,1,6808300
1970,655,2,6832940
1970,655,3,6854270
1969,656,1,6639100
1969,656,2,6657900
1969,656,3,6670900
1969,657,1,8214000
1969,657,2,
1969,657,3,
1969,658,1,7019400
1969,658,2,7036700
1969,658,3,7054000
1969,659,1,7602080
1969,659,2,7626600
1969,659,3,7632590
2006,66,1,5331082
2006,66,2,5336657
2006,66,3,5336738
1969,660,1,7007400
1969,660,2,7064500
1969,660,3,7064700
1969,661,1,6955600
1969,661,2,
1969,661,3,
1969,662,1,6595400
1969,662,2,6653100
1969,662,3,6797000
1969,663,1,5951260
1969,663,2,5951340
1969,663,3,5951430
1969,664,1,7165700
1969,664,2,7211900
1969,664,3,7217700
1969,665,1,7076840
1969,665,2,7123830
1969,665,3,
1969,666,1,6848800
1969,666,2,6851360
1969,666,3,6887280
1968,667,1,6836600
1968,667,2,6861900
1968,667,3,6867000
1968,668,1,8102100
1968,668,2,8118000
1968,668,3,
1968,669,1,7232300
1968,669,2,7234500
1968,669,3,
2006,67,1,4491975
2006,67,2,4500021
2006,67,3,4518389
1968,670,1,6002100
1968,670,2,6014200
1968,670,3,6041700
1968,671,1,9971200
1968,671,2,10065130
1968,671,3,
1968,672,1,8740900
1968,672,2,8859500
1968,672,3,
1968,673,1,7280300
1968,673,2,7284700
1968,673,3,
1968,674,1,8343200
1968,674,2,8586400
1968,674,3,8592600
1968,675,1,6014800
1968,675,2,6103200
1968,675,3,6103400
1968,676,1,8831200
1968,676,2,
1968,676,3,
1968,677,1,7160290
1968,677,2,7184970
1968,677,3,
1968,678,1,7003950
1968,678,2,7083270
1968,678,3,7104600
1967,679,1,7545900
1967,679,2,7572300
1967,679,3,
2006,68,1,5852747
2006,68,2,5855868
2006,68,3,5896944
1967,680,1,9274300
1967,680,2,
1967,680,3,
1967,681,1,8085100
1967,681,2,8108700
1967,681,3,8110800
1967,682,1,6049400
1967,682,2,6112400
1967,682,3,6149400
1967,683,1,8001300
1967,683,2,8050800
1967,683,3,
1967,684,1,7165600
1967,684,2,7178400
1967,684,3,7182200
1967,685,1,7555700
1967,685,2,7594200
1967,685,3,7594700
1967,686,1,9640000
1967,686,2,9701900
1967,686,3,
1967,687,1,6225000
1967,687,2,6225200
1967,687,3,6248100
1967,688,1,7393200
1967,688,2,7399500
1967,688,3,
1967,689,1,7168700
1967,689,2,7254060
1967,689,3,
2006,69,1,5032413
2006,69,2,5048564
2006,69,3,5056366
1966,690,1,9190500
1966,690,2,9230700
1966,690,3,
1966,691,1,7751300
1966,691,2,7793400
1966,691,3,
1966,692,1,6511300
1966,692,2,6520800
1966,692,3,
1966,693,1,7993400
1966,693,2,8003000
1966,693,3,
1966,694,1,8432500
1966,694,2,
1966,694,3,
1966,695,1,8823000
1966,695,2,8867400
1966,695,3,8975600
1966,696,1,6434800
1966,696,2,6440600
1966,696,3,6440900
1966,697,1,7780110
1966,697,2,
1966,697,3,
1966,698,1,7595340
1966,698,2,7603220
1966,698,3,
1965,699,1,7606000
1965,699,2,7635000
1965,699,3,7637800
2009,7,1,5184848
2009,7,2,5191562
2009,7,3,5192309
2006,70,1,5513751
2006,70,2,5532409
2006,70,3,5533145
1965,700,1,9459600
1965,700,2,9523600
1965,700,3,9561500
1965,701,1,8614800
1965,701,2,8659600
1965,701,3,
1965,702,1,9698400
1965,702,2,9724700
1965,702,3,9851900
1965,703,1,7525400
1965,703,2,7528600
1965,703,3,7553000
1965,704,1,7439100
1965,704,2,7447100
1965,704,3,7452100
1965,705,1,7672400
1965,705,2,7688300
1965,705,3,7693800
1965,706,1,7492800
1965,706,2,7496100
1965,706,3,7509300
1965,707,1,8436100
1965,707,2,8448600
1965,707,3,8493600
1965,708,1,7712100
1965,708,2,7714990
1965,708,3,7772250
1964,709,1,9679500
1964,709,2,
1964,709,3,
2005,71,1,5057336
2005,71,2,5062889
2005,71,3,5064048
1964,710,1,7655400
1964,710,2,7709000
1964,710,3,
1964,711,1,7600500
1964,711,2,7603900
1964,711,3,7648600
1964,712,1,7669100
1964,712,2,7693200
1964,712,3,7694000
1964,713,1,8107000
1964,713,2,8109800
1964,713,3,8187600
1964,714,1,7924800
1964,714,2,8000400
1964,714,3,8217600
1964,715,1,7578230
1964,715,2,7584410
1964,715,3,
1964,716,1,7851800
1964,716,2,7917800
1964,716,3,
1964,717,1,8198000
1964,717,2,8228500
1964,717,3,
1964,718,1,7790320
1964,718,2,7859260
1964,718,3,7859950
1963,719,1,9709700
1963,719,2,9714300
1963,719,3,9722500
2005,72,1,5493736
2005,72,2,5518063
2005,72,3,5525924
1963,720,1,8867600
1963,720,2,9161600
1963,720,3,
1963,721,1,7693700
1963,721,2,
1963,721,3,
1963,722,1,7854300
1963,722,2,7919200
1963,722,3,7928200
1963,723,1,8049600
1963,723,2,8075400
1963,723,3,8087200
1963,724,1,7986800
1963,724,2,8064300
1963,724,3,8151700
1963,725,1,8659600
1963,725,2,8754600
1963,725,3,
1963,726,1,8362100
1963,726,2,8396400
1963,726,3,
1963,727,1,7792100
1963,727,2,7893200
1963,727,3,7906800
1963,728,1,7836900
1963,728,2,7903700
1963,728,3,
1962,729,1,7862100
1962,729,2,7889300
1962,729,3,7943200
2005,73,1,5358531
2005,73,2,5371940
2005,73,3,5390594
1962,730,1,9989700
1962,730,2,9991000
1962,730,3,10073800
1962,731,1,7652300
1962,731,2,7696400
1962,731,3,7778800
1962,732,1,7625500
1962,732,2,
1962,732,3,
1962,733,1,8780800
1962,733,2,8830000
1962,733,3,8885600
1962,734,1,9525300
1962,734,2,9527800
1962,734,3,9529700
1962,735,1,8948400
1962,735,2,8978200
1962,735,3,9006200
1962,736,1,7633000
1962,736,2,7642200
1962,736,3,
1962,737,1,7683300
1962,737,2,7733100
1962,737,3,7733600
1961,738,1,9950100
1961,738,2,9953700
1961,738,3,9991400
1961,739,1,7312100
1961,739,2,7313000
1961,739,3,7325200
2005,74,1,5261921
2005,74,2,5262136
2005,74,3,5289475
1961,740,1,7383800
1961,740,2,7384500
1961,740,3,7403300
1961,741,1,8057500
1961,741,2,8057600
1961,741,3,8118500
1961,742,1,9653600
1961,742,2,9699600
1961,742,3,9700400
1961,743,1,8292400
1961,743,2,8313800
1961,743,3,8314900
1961,744,1,7393000
1961,744,2,7424200
1961,744,3,7541400
1961,745,1,8025800
1961,745,2,8030100
1961,745,3,8074800
1960,746,1,8269500
1960,746,2,8295800
1960,746,3,8306400
1960,746,3,8306400
1960,747,1,10425500
1960,747,2,10477600
1960,747,3,10487400
1960,748,1,12971360
1960,748,2,12984110
1960,748,3,13158660
1960,749,1,7307200
1960,749,2,7331200
1960,749,3,7363800
2005,75,1,5236830
2005,75,2,5264482
2005,75,3,5282777
1960,750,1,8497300
1960,750,2,8560600
1960,750,3,
1960,751,1,7044900
1960,751,2,7093200
1960,751,3,7096800
1960,752,1,7464300
1960,752,2,7513900
1960,752,3,7553900
1960,753,1,8340030
1960,753,2,8398000
1960,753,3,8453260
1960,754,1,8469200
1960,754,2,8616800
1960,754,3,
1960,755,1,8932200
1960,755,2,8970200
1960,755,3,8984200
1959,756,1,10551300
1959,756,2,10571700
1959,756,3,
1959,757,1,13249200
1959,757,2,13272480
1959,757,3,13299840
1959,758,1,7526800
1959,758,2,7541000
1959,758,3,7609800
1959,759,1,7286500
1959,759,2,7314000
1959,759,3,7384200
2005,76,1,6315556
2005,76,2,6329433
2005,76,3,6334040
1959,760,1,9011600
1959,760,2,9033800
1959,760,3,9034000
1959,761,1,7771600
1959,761,2,7774500
1959,761,3,7836400
1959,762,1,7915410
1959,762,2,
1959,762,3,
1959,763,1,7445400
1959,763,2,7492100
1959,763,3,7517900
1959,764,1,7955700
1959,764,2,7956300
1959,764,3,8136600
1958,765,1,8373700
1958,765,2,8376400
1958,765,3,8386300
1958,766,1,10347900
1958,766,2,10368100
1958,766,3,10386700
1958,767,1,7489200
1958,767,2,7537100
1958,767,3,7591500
1958,768,1,13453800
1958,768,2,13481430
1958,768,3,13523470
1958,769,1,5826300
1958,769,2,5847000
1958,769,3,6007200
2005,77,1,5506648
2005,77,2,5523215
2005,77,3,5525197
1958,770,1,7401300
1958,770,2,7425900
1958,770,3,7461000
1958,771,1,7744200
1958,771,2,7768400
1958,771,3,7794800
1958,772,1,8475000
1958,772,2,8684700
1958,772,3,8786200
1958,773,1,7887800
1958,773,2,8200550
1958,773,3,
1958,774,1,7427800
1958,774,2,7452000
1958,774,3,7456100
1958,775,1,7755100
1958,775,2,7839800
1958,775,3,7840600
1957,776,1,10855900
1957,776,2,10874200
1957,776,3,
1957,777,1,11412800
1957,777,2,11438000
1957,777,3,
1957,778,1,13274250
1957,778,2,13295710
1957,778,3,13408220
1957,779,1,11266400
1957,779,2,11317200
1957,779,3,11392400
2005,78,1,5529290
2005,78,2,5530390
2005,78,3,5569690
1957,780,1,11197800
1957,780,2,11223400
1957,780,3,11240600
1957,780,1,11197800
1957,781,1,12638300
1957,781,2,12641900
1957,781,3,12673900
1957,782,1,10762700
1957,782,2,10956600
1957,782,3,11169500
1957,783,1,9303900
1957,783,2,9345100
1957,783,3,
1956,784,1,10803700
1956,784,2,10828100
1956,784,3,
1956,784,1,10803700
1956,785,1,10832900
1956,785,2,10839000
1956,785,3,
1956,785,2,10839000
1956,786,1,14008840
1956,786,2,14029290
1956,786,3,14099070
1956,787,1,9600300
1956,787,2,9711600
1956,787,3,9796900
1956,787,3,9796900
1956,788,1,9263400
1956,788,2,9263700
1956,788,3,9353300
1956,789,1,10787000
1956,789,2,
1956,789,3,
1956,789,2,
2005,79,1,5383181
2005,79,2,5384681
2005,79,3,
1956,790,1,13123700
1956,790,2,13170100
1956,790,3,13582000
1956,791,1,8621300
1956,791,2,8627000
1956,791,3,
1956,791,2,8627000
1955,792,1,10838600
1955,792,2,10928200
1955,792,3,
1955,792,2,10928200
1955,792,2,10928200
1955,792,3,
1955,792,3,
1955,793,1,10689800
1955,793,2,10710000
1955,793,3,
1955,793,3,
1955,794,1,14039530
1955,794,2,14203090
1955,794,3,14251890
1955,794,2,14203090
1955,795,1,9569000
1955,795,2,9577100
1955,795,3,9669500
1955,796,1,10463800
1955,796,2,10464100
1955,796,3,10520900
1955,797,1,11241200
1955,797,2,11241400
1955,797,3,11313000
1955,798,1,8704400
1955,798,2,8705100
1955,798,3,8750600
1954,799,1,10855800
1954,799,2,10934800
1954,799,3,10976800
2009,8,1,4969328
2009,8,2,4984516
2009,8,3,5010503
2005,80,1,5482232
2005,80,2,5494032
2005,80,3,5564132
1954,800,1,13757270
1954,800,2,13827220
1954,800,3,13837000
1954,801,1,9882400
1954,801,2,9906600
1954,801,3,
1954,802,1,9767900
1954,802,2,9768000
1954,802,3,
1954,803,1,10574000
1954,803,2,
1954,803,3,
1954,804,1,13545800
1954,804,2,13642300
1954,804,3,13854400
1954,804,2,13642300
1954,805,1,10834500
1954,805,2,10892300
1954,805,3,
1954,806,1,10067900
1954,806,2,
1954,806,3,
1954,806,3,
1954,807,1,11632100
1954,807,2,11705300
1954,807,3,
1953,808,1,10864600
1953,808,2,
1953,808,3,
1953,809,1,13981690
1953,809,2,14192560
1953,809,3,14233190
1953,809,3,14233190
2005,81,1,5069588
2005,81,2,5072288
2005,81,3,5083988
1953,810,1,10415800
1953,810,2,10426200
1953,810,3,
1953,810,3,
1953,811,1,10110300
1953,811,2,10278500
1953,811,3,
1953,812,1,9858600
1953,812,2,9859600
1953,812,3,9860000
1953,813,1,10200000
1953,813,2,10260000
1953,813,3,
1953,814,1,10945000
1953,814,2,11009000
1953,814,3,11048600
1953,815,1,10894400
1953,815,2,10967330
1953,815,3,10990360
1953,816,1,10185900
1953,816,2,10187300
1953,816,3,
1952,817,1,10906100
1952,817,2,11063300
1952,817,3,
1952,818,1,13961880
1952,818,2,14204210
1952,818,3,14333490
1952,819,1,11026300
1952,819,2,11141500
1952,819,3,11294700
2005,82,1,5188599
2005,82,2,5211168
2005,82,3,5213021
1952,820,1,10800000
1952,820,2,
1952,820,3,
1952,821,1,9971000
1952,821,2,
1952,821,3,
1952,822,1,11173300
1952,822,2,11187400
1952,822,3,11603400
1952,823,1,10408500
1952,823,2,10448600
1952,823,3,10502900
1952,824,1,10245600
1952,824,2,10307400
1952,824,3,10369800
1951,825,1,7673640
1951,825,2,7728880
1951,825,3,7752950
1951,826,1,14258050
1951,826,2,14365290
1951,826,3,14429440
1951,826,3,14429440
1951,827,1,9946200
1951,827,2,10117200
1951,827,3,10208100
1951,828,1,12131000
1951,828,2,12189200
1951,828,3,
1951,828,1,12131000
1951,828,2,12189200
1951,829,1,9738200
1951,829,2,9789200
1951,829,3,
2005,83,1,5845552
2005,83,2,5881133
2005,83,3,5881681
1951,830,1,12183300
1951,830,2,12213800
1951,830,3,12462300
1951,831,1,9759300
1951,831,2,9783900
1951,831,3,
1951,831,3,
1951,832,1,10014100
1951,832,2,10068380
1951,832,3,10119640
1950,833,1,8003600
1950,833,2,8006200
1950,833,3,8055600
1950,834,1,11598700
1950,834,2,
1950,834,3,
1950,835,1,10015970
1950,835,2,
1950,835,3,
1950,836,1,7373700
1950,836,2,7374100
1950,836,3,
1950,837,1,10046000
1950,837,2,10060000
1950,837,3,10185000
1950,838,1,10672800
1950,838,2,10698500
1950,838,3,
1950,839,1,10277400
1950,839,2,10356000
1950,839,3,10373000
1950,839,2,
2005,84,1,5074454
2005,84,2,5093063
2005,84,3,5094089
2011,841,1,5370259
2011,841,2,5392556
2011,841,3,5400819
2011,842,1,5859832
2011,842,2,5863093
2011,842,3,5884907
2011,843,1,5818226
2011,843,2,5823424
2011,843,3,5825781
2011,844,1,5417558
2011,844,2,5426365
2011,844,3,5427633
2011,845,1,5943301
2011,845,2,5943931
2011,845,3,5978998
2011,846,1,7778373
2011,846,2,7779511
2011,846,3,7780751
2011,847,1,14679537
2011,847,2,14682246
2011,847,3,14693365
2011,848,1,5976169
2011,848,2,5987060
2011,848,3,6003424
2011,849,1,5321196
2011,849,2,5337707
2011,849,3,5338143
2005,85,1,4468659
2005,85,2,4471138
2005,85,3,4486634
2011,850,1,5850334
2011,850,2,5854314
2011,850,3,5860122
2011,851,1,6402337
2011,851,2,6405925
2011,851,3,6422156
2011,852,1,5204893
2011,852,2,5208634
2011,852,3,5214562
2011,853,1,4846172
2011,853,2,4855762
2011,853,3,4863081
2011,854,1,7146757
2011,854,2,7148494
2011,854,3,7176036
2011,855,1,5453427
2011,855,2,5454587
2011,855,3,5455433
2011,856,1,5881994
2011,856,2,5894013
2011,856,3,5894471
2011,857,1,5435002
2011,857,2,5443435
2011,857,3,5459303
2011,858,1,5831886
2011,858,2,5840343
2011,858,3,5857767
2011,859,1,5537464
2011,859,2,5554447
2011,859,3,5565102
2005,86,1,5401295
2005,86,2,5429595
2005,86,3,5433295
2012,860,1,5649565
2012,860,2,5651704
2012,860,3,5653640
2012,861,1,9891812
2012,861,2,9894075
2012,861,3,9906403
2012,862,1,5786929
2012,862,2,5807555
2012,862,3,5812941
2012,863,1,5710990
2012,863,2,5714323
2012,863,3,5721184
2012,864,1,5949145
2012,864,2,5952340
2012,864,3,5953029
2012,865,1,6366557
2012,865,2,6367200
2012,865,3,6367504
2012,866,1,5549586
2012,866,2,5552099
2012,866,3,5554846
2012,867,1,6256649
2012,867,2,6263070
2012,867,3,6269288
2012,868,1,5111288
2012,868,2,5114348
2012,868,3,5116124
2012,869,1,5465862
2012,869,2,5472811
2012,869,3,5482271
2005,87,1,5360574
2005,87,2,5363101
2005,87,3,5385414
2012,870,1,6065503
2012,870,2,6066535
2012,870,3,6076021
2012,871,1,5348530
2012,871,2,5362154
2012,871,3,5373864
2012,872,1,4781221
2012,872,2,4785577
2012,872,3,4801815
2012,873,1,7226144
2012,873,2,7235103
2012,873,3,7241371
2012,874,1,5336242
2012,874,2,5356881
2012,874,3,5360780
2012,875,1,5788651
2012,875,2,5796882
2012,875,3,5802595
2012,876,1,5470744
2012,876,2,5480181
2012,876,3,5483961
2012,877,1,6358667
2012,877,2,6359519
2012,877,3,6362830
2012,878,1,5755269
2012,878,2,5755944
2012,878,3,5794498
2012,879,1,6322656
2012,879,2,6325410
2012,879,3,6326271
2005,88,1,5342212
2005,88,2,5343845
2005,88,3,5359668
2013,880,1,5403225
2013,880,2,5415676
2013,880,3,5425571
2013,881,1,5936681
2013,881,2,5940979
2013,881,3,5948862
2013,882,1,5786945
2013,882,2,5797113
2013,882,3,5799267
2013,883,1,5760498
2013,883,2,5769609
2013,883,3,5780005
2013,884,1,5956596
2013,884,2,5965934
2013,884,3,5982645
2013,885,1,8272056
2013,885,2,8275944
2013,885,3,8278370
2013,886,1,5529143
2013,886,2,5543551
2013,886,3,5545085
2013,887,1,5579456
2013,887,2,5580221
2013,887,3,5586580
2013,888,1,6074711
2013,888,2,6075719
2013,888,3,6080541
2005,89,1,5993618
2005,89,2,5997618
2005,89,3,6018918
2013,890,1,6149445
2013,890,2,6160383
2013,890,3,6161904
2013,891,1,5022196
2013,891,2,5039065
2013,891,3,5049930
2013,892,1,4713352
2013,892,2,4718819
2013,892,3,4719702
2013,893,1,7153132
2013,893,2,7185759
2013,893,3,7197052
2013,894,1,6193701
2013,894,2,6197925
2013,894,3,6198628
2013,895,1,5209301
2013,895,2,5216430
2013,895,3,5219211
2013,896,1,5472187
2013,896,2,5502010
2013,896,3,5512079
2013,897,1,5886106
2013,897,2,5916935
2013,897,3,5919756
2013,898,1,5957148
2013,898,2,5963432
2013,898,3,5965544
2013,899,1,5556300
2013,899,2,5566752
2013,899,3,5575213
2009,9,1,5803310
2009,9,2,5812562
2009,9,3,5819216
2004,90,1,5055757
2004,90,2,5069362
2004,90,3,5090430
2014,900,1,5578710
2014,900,2,5605487
2014,900,3,5608737
2014,901,1,6025974
2014,901,2,6043287
2014,901,3,6050508
2014,902,1,5982743
2014,902,2,5983828
2014,902,3,6006810
2014,903,1,5608338
2014,903,2,5626400
2014,903,3,5631942
2014,904,1,6065155
2014,904,2,6065791
2014,904,3,6114169
2014,905,1,6567661
2014,905,2,6576871
2014,905,3,6577275
2014,906,1,5952830
2014,906,2,5957066
2014,906,3,5958077
2014,907,1,5274976
2014,907,2,5276908
2014,907,3,5283148
2014,908,1,8812094
2014,908,2,8842229
2014,908,3,8858589
2014,909,1,5622914
2014,909,2,5643703
2014,909,3,5645444
2004,91,1,5467490
2004,91,2,5472512
2004,91,3,5479058
2014,910,1,6785058
2014,910,2,6790283
2014,910,3,6790915
2014,911,1,5076556
2014,911,2,5079939
2014,911,3,5104588
2014,912,1,4750236
2014,912,2,4753411
2014,912,3,4775262
2014,913,1,7204795
2014,913,2,7218329
2014,913,3,7219068
2014,914,1,6703021
2014,914,2,6712201
2014,914,3,6732143
2014,915,1,5510744
2014,915,2,5524401
2014,915,3,5528169
2014,916,1,6004785
2014,916,2,6009099
2014,916,3,6030345
2014,917,1,5402555
2014,917,2,5404012
2014,917,3,5443586
2014,918,1,5942619
2014,918,2,5945195
2014,918,3,5971499
2004,92,1,5314875
2004,92,2,5316242
2004,92,3,5341562
2015,926,1,5514067
2015,926,2,5515427
2015,926,3,5548590
2015,927,1,6065793
2015,927,2,6074362
2015,927,3,6078103
2015,928,1,5982008
2015,928,2,5982722
2015,928,3,5984996
2015,929,1,5705809
2015,929,2,5709189
2015,929,3,5711842
2004,93,1,5179670
2004,93,2,5189372
2004,93,3,5201287
2015,930,1,6072555
2015,930,2,6090106
2015,930,3,6117897
2015,931,1,6558420
2015,931,2,6562906
2015,931,3,6564473
2015,932,1,5513145
2015,932,2,5515430
2015,932,3,5553811
2015,933,1,5416930
2015,933,2,5425730
2015,933,3,5434503
2015,934,1,5487729
2015,934,2,5498685
2015,934,3,5513172
2015,936,1,6369985
2015,936,2,6385733
2015,936,3,6395069
2015,937,1,5020387
2015,937,2,5022445
2015,937,3,5058375
2015,938,1,4680688
2015,938,2,4705730
2015,938,3,4728323
2015,939,1,7282118
2015,939,2,7283596
2015,939,3,7299272
2004,94,1,5252841
2004,94,2,5266131
2004,94,3,5285135
2015,940,1,5286508
2015,940,2,5305472
2015,940,3,5307358
2015,941,1,5831024
2015,941,2,5836977
2015,941,3,5859942
2015,942,1,6652703
2015,942,2,6655553
2015,942,3,6656084
2015,943,1,6155038
2015,943,2,6156992
2015,943,3,6169630
2015,944,1,5469090
2015,944,2,5476846
2015,944,3,5483334
2015,945,1,5910175
2015,945,2,5918446
2015,945,3,5929605
2016,948,1,6495565
2016,948,2,6503625
2016,948,3,6505208
2016,949,1,5614696
2016,949,2,5624978
2016,949,3,5644844
2004,95,1,6346601
2004,95,2,6347098
2004,95,3,6422367
2016,950,1,5933891
2016,950,2,5971667
2016,950,3,5979827
2016,951,1,5561997
2016,951,2,5587019
2016,951,3,5593995
2016,952,1,6100017
2016,952,2,6100633
2016,952,3,6105598
2016,953,1,7169133
2016,953,2,7176385
2016,953,3,7182958
2016,954,1,5465296
2016,954,2,5470307
2016,954,3,5511718
2016,955,1,5572366
2016,955,2,5589062
2016,955,3,5597607
2016,956,1,5258107
2016,956,2,5263826
2016,956,3,5264131
2016,957,1,5695831
2016,957,2,5704081
2016,957,3,5712742
2016,958,1,6030115
2016,958,2,6032092
2016,958,3,6057654
2016,959,1,5444200
2016,959,2,5451196
2016,959,3,5457613
2004,96,1,5555101
2004,96,2,5573090
2004,96,3,5577634
2016,960,1,6291058
2016,960,2,6305171
2016,960,3,6318692
2016,961,1,4648089
2016,961,2,4663159
2016,961,3,4669079
2016,962,1,6948950
2016,962,2,6949438
2016,962,3,6956988
2016,963,1,5832776
2016,963,2,5835219
2016,963,3,5858292
2016,964,1,5203333
2016,964,2,5208311
2016,964,3,5209109
2016,965,1,5892618
2016,965,2,5897138
2016,965,3,5912310
2016,966,1,6031402
2016,966,2,6039756
2016,966,3,6052260
2016,967,1,10861335
2016,967,2,10872790
2016,967,3,10882816
2016,968,1,5884013
2016,968,2,5884452
2016,968,3,5884856
2017,969,1,5051672
2017,969,2,5061647
2017,969,3,5062922
2004,97,1,5304803
2004,97,2,5309911
2004,97,3,5325212
2017,970,1,5856158
2017,970,2,5862408
2017,970,3,5901350
2017,971,1,5633374
2017,971,2,5640034
2017,971,3,5653771
2017,972,1,5288743
2017,972,2,5289360
2017,972,3,5299743
2017,973,1,5756497
2017,973,2,5759987
2017,973,3,5832317
2017,974,1,6284340
2017,974,2,6287485
2017,974,3,6288085
2017,975,1,5585154
2017,975,2,5604937
2017,975,3,5620451
2017,976,1,7435573
2017,976,2,7439477
2017,976,3,7439582
2017,977,1,4908523
2017,977,2,4909181
2017,977,3,4914535
2017,978,1,4887430
2017,978,2,4901493
2017,978,3,4924000
2017,979,1,5986713
2017,979,2,5987621
2017,979,3,5999175
2004,98,1,6029914
2004,98,2,6032864
2004,98,3,6051950
2017,980,1,5082820
2017,980,2,5085178
2017,980,3,5093611
2017,981,1,4532312
2017,981,2,4536783
2017,981,3,4568629
2017,982,1,7403544
2017,982,2,7408051
2017,982,3,7412344
2017,983,1,5401290
2017,983,2,5414060
2017,983,3,5423809
2017,984,1,5251194
2017,984,2,5252405
2017,984,3,5260873
2017,985,1,5630991
2017,985,2,5641134
2017,985,3,5646770
2017,986,1,5786552
2017,986,2,5806230
2017,986,3,5840559
2017,987,1,5486262
2017,987,2,5489024
2017,987,3,5490862
2017,988,1,5654062
2017,988,2,5657961
2017,988,3,5673392
2018,989,1,5373283
2018,989,2,5378319
2018,989,3,5379592
2004,99,1,5418133
2004,99,2,5426462
2004,99,3,5449755
2018,990,1,5521940
2018,990,2,5522639
2018,990,3,5528452
2018,991,1,5736380
2018,991,2,5745274
2018,991,3,5746017
2018,992,1,6224291
2018,992,2,6226751
2018,992,3,6228315
2018,993,1,5729972
2018,993,2,5750565
2018,993,3,5756845
2018,994,1,6174807
2018,994,2,6182143
2018,994,3,6191820
2018,995,1,5311377
2018,995,2,5318753
2018,995,3,5319737
2018,996,1,5411385
2018,996,2,5418475
2018,996,3,5437273
2018,997,1,4916024
2018,997,2,4917528
2018,997,3,4919205
2018,998,1,5249784
2018,998,2,5252048
2018,998,3,5253436
2018,999,1,5549845
2018,999,2,5554380
2018,999,3,5556577
