year,raceId,driverId,points,position,wins
2019,1018,822,166,2,2
2019,1018,1,197,1,6
2019,1018,830,126,3,1
2019,1018,20,123,4,0
2019,1018,844,105,5,0
2019,1018,825,14,12,0
2019,1018,807,16,11,0
2019,1018,8,21,9,0
2019,1018,840,6,16,0
2019,1018,826,10,14,0
2019,1018,842,43,6,0
2019,1018,846,22,8,0
2019,1018,815,13,13,0
2019,1018,848,7,15,0
2019,1018,841,1,18,0
2019,1018,847,0,19,0
2019,1018,9,0,20,0
2019,1018,154,2,17,0
2019,1018,817,16,10,0
2019,1018,832,30,7,0
2020,1039,822,135,2,1
2020,1039,844,49,8,0
2020,1039,846,65,4,0
2020,1039,1,190,1,6
2020,1039,832,41,11,0
2020,1039,815,44,9,0
2020,1039,842,43,10,1
2020,1039,839,30,12,0
2020,1039,841,2,17,0
2020,1039,20,17,13,0
2020,1039,849,0,19,0
2020,1039,826,10,14,0
2020,1039,848,63,5,0
2020,1039,8,2,16,0
2020,1039,847,0,20,0
2020,1039,154,0,21,0
2020,1039,825,1,18,0
2020,1039,840,57,6,0
2020,1039,817,53,7,0
2020,1039,830,110,3,1
2020,1039,807,6,15,0
2021,1060,849,0,20,0
2021,1060,842,39,9,0
2021,1060,20,30,10,0
2021,1060,847,0,17,0
2021,1060,8,1,15,0
2021,1060,832,60,7,0
2021,1060,844,62,6,0
2021,1060,815,104,3,1
2021,1060,846,101,4,0
2021,1060,830,182,1,5
2021,1060,853,0,19,0
2021,1060,4,20,11,0
2021,1060,854,0,18,0
2021,1060,822,92,5,0
2021,1060,840,14,12,0
2021,1060,839,12,13,0
2021,1060,841,1,16,0
2021,1060,852,9,14,0
2021,1060,817,40,8,0
2021,1060,1,150,2,3
2022,1082,20,13,14,0
2022,1082,830,175,1,6
2022,1082,815,129,2,1
2022,1082,807,0,20,0
2022,1082,849,0,21,0
2022,1082,848,3,17,0
2022,1082,840,3,18,0
2022,1082,855,5,16,0
2022,1082,4,18,10,0
2022,1082,852,11,15,0
2022,1082,832,102,5,0
2022,1082,1,77,6,0
2022,1082,847,111,4,0
2022,1082,825,15,12,0
2022,1082,822,46,8,0
2022,1082,842,16,11,0
2022,1082,839,39,9,0
2022,1082,817,15,13,0
2022,1082,844,126,3,2
2022,1082,846,50,7,0
2022,1082,854,0,19,0
2003,116,51,0,20,0
2003,116,42,0,18,0
2003,116,44,1,16,0
2003,116,17,9,11,0
2003,116,21,10,9,1
2003,116,43,3,13,0
2003,116,52,1,17,0
2003,116,2,2,15,0
2003,116,22,37,6,0
2003,116,50,0,19,0
2003,116,18,10,10,0
2003,116,35,3,14,0
2003,116,23,43,3,1
2003,116,4,39,5,0
2003,116,49,7,12,0
2003,116,15,13,8,0
2003,116,30,58,1,4
2003,116,8,51,2,1
2003,116,31,39,4,1
2003,116,14,25,7,1
2002,132,44,0,20,0
2002,132,59,0,22,0
2002,132,15,4,10,0
2002,132,22,26,4,1
2002,132,14,26,5,1
2002,132,21,6,8,0
2002,132,49,2,15,0
2002,132,11,0,21,0
2002,132,35,0,16,0
2002,132,66,0,17,0
2002,132,13,4,11,0
2002,132,2,5,9,0
2002,132,18,10,7,0
2002,132,23,30,2,1
2002,132,37,0,19,0
2002,132,62,0,18,0
2002,132,63,2,14,0
2002,132,17,2,13,0
2002,132,56,3,12,0
2002,132,8,11,6,0
2002,132,31,27,3,0
2002,132,30,76,1,6
2001,149,41,0,19,0
2001,149,37,1,16,0
2001,149,31,12,5,0
2001,149,59,0,22,0
2001,149,35,7,8,0
2001,149,58,0,21,0
2001,149,60,0,24,0
2001,149,18,0,18,0
2001,149,15,7,10,0
2001,149,57,9,6,0
2001,149,23,25,4,2
2001,149,21,1,17,0
2001,149,4,0,23,0
2001,149,56,4,13,0
2001,149,50,1,15,0
2001,149,55,3,14,0
2001,149,54,0,20,0
2001,149,44,5,12,0
2001,149,8,7,9,0
2001,149,49,6,11,0
2001,149,2,8,7,0
2001,149,22,26,3,0
2001,149,14,44,2,2
2001,149,30,68,1,5
2000,166,30,56,1,5
2000,166,22,32,4,0
2000,166,23,14,6,0
2000,166,35,8,7,0
2000,166,21,18,5,0
2000,166,41,1,14,0
2000,166,25,0,17,0
2000,166,48,0,20,0
2000,166,2,0,18,0
2000,166,49,5,9,0
2000,166,15,6,8,0
2000,166,18,3,12,0
2000,166,50,2,13,0
2000,166,37,1,15,0
2000,166,60,0,19,0
2000,166,57,38,3,1
2000,166,14,44,2,3
2000,166,63,3,11,0
2000,166,56,3,10,0
2000,166,64,0,16,0
2000,166,65,0,21,0
2000,166,55,0,22,0
1999,183,41,0,22,0
1999,183,64,3,11,0
1999,183,15,1,13,0
1999,183,70,0,21,0
1999,183,65,2,12,0
1999,183,69,0,20,0
1999,183,63,0,17,0
1999,183,55,1,16,0
1999,183,71,5,9,0
1999,183,14,28,5,1
1999,183,48,0,19,0
1999,183,25,3,10,0
1999,183,44,1,14,0
1999,183,57,44,1,3
1999,183,30,32,3,2
1999,183,68,0,18,0
1999,183,37,1,15,0
1999,183,22,10,8,0
1999,183,21,13,7,0
1999,183,23,19,6,0
1999,183,49,29,4,1
1999,183,56,42,2,2
1998,199,57,56,1,4
1998,199,14,30,3,1
1998,199,49,8,8,0
1998,199,56,29,4,0
1998,199,35,11,7,0
1998,199,65,1,12,0
1998,199,25,17,5,0
1998,199,71,0,17,0
1998,199,44,0,20,0
1998,199,30,54,2,4
1998,199,21,15,6,0
1998,199,55,3,11,0
1998,199,76,1,15,0
1998,199,22,4,9,0
1998,199,15,0,22,0
1998,199,68,0,21,0
1998,199,75,0,16,0
1998,199,73,0,18,0
1998,199,23,1,13,0
1998,199,74,0,19,0
1998,199,63,3,10,0
1998,199,64,1,14,0
1998,199,50,0,23,0
1997,215,58,0,26,0
1997,215,82,0,23,0
1997,215,25,4,14,0
1997,215,81,0,25,0
1997,215,22,6,13,0
1997,215,76,0,19,0
1997,215,23,7,11,0
1997,215,79,0,24,0
1997,215,71,1,18,0
1997,215,56,18,5,0
1997,215,50,0,21,0
1997,215,63,2,15,0
1997,215,21,8,10,0
1997,215,65,7,12,0
1997,215,55,21,3,0
1997,215,35,43,2,4
1997,215,64,0,22,0
1997,215,15,0,20,0
1997,215,49,19,4,1
1997,215,75,1,16,0
1997,215,78,1,17,0
1997,215,44,15,6,0
1997,215,77,10,8,0
1997,215,57,10,9,0
1997,215,30,47,1,3
1997,215,14,14,7,1
1996,232,71,63,1,6
1996,232,35,38,2,1
1996,232,56,9,9,0
1996,232,77,10,8,0
1996,232,57,12,6,0
1996,232,63,5,12,0
1996,232,44,11,7,1
1996,232,49,6,11,0
1996,232,73,0,19,0
1996,232,64,1,15,0
1996,232,79,0,20,0
1996,232,55,25,4,0
1996,232,30,26,3,1
1996,232,83,0,18,0
1996,232,69,0,21,0
1996,232,84,2,14,0
1996,232,22,7,10,0
1996,232,50,1,16,0
1996,232,14,14,5,0
1996,232,65,4,13,0
1996,232,85,0,22,0
1996,232,21,0,17,0
1995,248,92,0,26,0
1995,248,90,0,29,0
1995,248,89,0,23,0
1995,248,96,2,14,0
1995,248,91,0,28,0
1995,248,50,0,27,0
1995,248,84,3,13,0
1995,248,22,7,7,0
1995,248,69,0,21,0
1995,248,81,1,16,0
1995,248,94,0,18,0
1995,248,95,0,25,0
1995,248,56,6,9,0
1995,248,93,0,22,0
1995,248,79,0,19,0
1995,248,44,7,8,0
1995,248,49,5,12,0
1995,248,65,25,4,1
1995,248,71,35,2,2
1995,248,64,0,24,0
1995,248,85,0,20,0
1995,248,88,1,15,0
1995,248,63,0,17,0
1995,248,87,5,11,0
1995,248,55,32,3,1
1995,248,57,5,10,0
1995,248,77,21,6,0
1995,248,14,23,5,0
1995,248,30,56,1,5
2008,26,1,48,1,3
2008,26,2,36,5,0
2008,26,3,8,11,0
2008,26,4,13,9,0
2008,26,5,24,6,0
2008,26,6,8,12,0
2008,26,7,2,17,0
2008,26,8,48,3,2
2008,26,9,46,4,1
2008,26,15,20,7,0
2008,26,17,18,8,0
2008,26,14,6,13,0
2008,26,18,3,16,0
2008,26,12,2,18,0
2008,26,21,0,19,0
2008,26,22,11,10,0
2008,26,19,0,21,0
2008,26,11,0,20,0
2008,26,13,48,2,3
2008,26,10,5,14,0
2008,26,16,0,22,0
2008,26,20,5,15,0
1994,265,110,4,16,0
1994,265,78,6,9,0
1994,265,88,0,36,0
1994,265,108,0,33,0
1994,265,107,0,31,0
1994,265,92,0,34,0
1994,265,106,0,25,0
1994,265,77,27,3,1
1994,265,81,2,19,0
1994,265,105,1,22,0
1994,265,57,8,6,0
1994,265,49,5,11,0
1994,265,104,6,10,0
1994,265,87,4,14,0
1994,265,103,4,13,0
1994,265,50,0,27,0
1994,265,56,1,23,0
1994,265,84,6,8,0
1994,265,102,0,32,0
1994,265,101,0,30,0
1994,265,44,6,7,0
1994,265,83,0,26,0
1994,265,100,2,20,0
1994,265,94,4,17,0
1994,265,65,0,24,0
1994,265,91,4,15,0
1994,265,79,5,12,0
1994,265,22,10,5,0
1994,265,55,19,4,0
1994,265,71,39,2,2
1994,265,30,66,1,6
1994,265,109,1,21,0
1994,265,70,0,28,0
1994,265,14,4,18,0
1994,265,85,0,37,0
1994,265,111,0,29,0
1994,265,95,0,35,0
1993,281,79,0,26,0
1993,281,91,1,18,0
1993,281,110,0,23,0
1993,281,123,0,24,0
1993,281,121,3,13,0
1993,281,88,0,22,0
1993,281,84,9,6,0
1993,281,22,0,19,0
1993,281,120,2,15,0
1993,281,119,9,5,0
1993,281,69,0,20,0
1993,281,105,0,25,0
1993,281,100,0,21,0
1993,281,55,4,12,0
1993,281,112,2,14,0
1993,281,70,1,16,0
1993,281,65,9,7,0
1993,281,30,30,3,0
1993,281,71,28,4,0
1993,281,118,1,17,0
1993,281,77,5,11,0
1993,281,109,5,10,0
1993,281,104,5,9,0
1993,281,87,6,8,0
1993,281,102,47,2,3
1993,281,117,67,1,6
1992,297,95,76,1,7
1992,297,119,40,2,0
1992,297,102,18,5,1
1992,297,30,29,3,0
1992,297,77,20,4,1
1992,297,65,2,14,0
1992,297,100,3,12,0
1992,297,88,0,17,0
1992,297,57,5,8,0
1992,297,105,5,9,0
1992,297,127,0,19,0
1992,297,79,0,23,0
1992,297,128,0,26,0
1992,297,110,4,10,0
1992,297,109,0,20,0
1992,297,123,0,24,0
1992,297,92,1,16,0
1992,297,55,11,7,0
1992,297,122,2,13,0
1992,297,81,0,18,0
1992,297,94,2,15,0
1992,297,91,3,11,0
1992,297,104,0,22,0
1992,297,108,0,25,0
1992,297,84,13,6,0
1992,297,129,0,21,0
1992,297,99,0,27,0
1992,297,71,0,28,0
1991,313,143,0,36,0
1991,313,65,0,28,0
1991,313,120,0,35,0
1991,313,128,0,27,0
1991,313,142,0,37,0
1991,313,110,9,9,0
1991,313,141,1,19,0
1991,313,100,0,24,0
1991,313,140,0,30,0
1991,313,133,0,34,0
1991,313,103,1,17,0
1991,313,109,4,11,0
1991,313,81,0,21,0
1991,313,139,1,16,0
1991,313,87,0,25,0
1991,313,127,0,22,0
1991,313,95,43,2,3
1991,313,77,19,5,0
1991,313,123,0,20,0
1991,313,122,0,31,0
1991,313,105,0,33,0
1991,313,90,5,10,0
1991,313,119,28,3,1
1991,313,57,2,15,0
1991,313,55,12,7,0
1991,313,84,0,29,0
1991,313,94,3,13,0
1991,313,78,0,23,0
1991,313,88,1,18,0
1991,313,138,2,14,0
1991,313,131,9,8,0
1991,313,117,21,4,0
1991,313,99,0,26,0
1991,313,129,0,32,0
1991,313,92,4,12,0
1991,313,137,18,6,1
1991,313,102,51,1,4
1990,329,152,0,38,0
1990,329,117,44,2,4
1990,329,119,12,9,1
1990,329,101,0,32,0
1990,329,139,0,24,0
1990,329,112,0,20,0
1990,329,92,0,36,0
1990,329,150,0,39,0
1990,329,149,0,37,0
1990,329,114,0,33,0
1990,329,99,0,34,0
1990,329,109,0,25,0
1990,329,81,0,31,0
1990,329,140,0,35,0
1990,329,151,0,19,0
1990,329,78,0,21,0
1990,329,118,1,14,0
1990,329,122,6,10,0
1990,329,110,0,28,0
1990,329,129,0,27,0
1990,329,148,0,18,0
1990,329,77,29,3,0
1990,329,95,13,8,0
1990,329,88,1,15,0
1990,329,147,0,23,0
1990,329,127,0,30,0
1990,329,146,0,26,0
1990,329,90,0,29,0
1990,329,145,13,7,0
1990,329,105,0,22,0
1990,329,103,4,11,0
1990,329,94,0,17,0
1990,329,138,1,16,0
1990,329,131,2,13,0
1990,329,137,18,5,0
1990,329,123,18,4,0
1990,329,102,48,1,4
1990,329,133,2,12,0
1990,329,55,13,6,0
2010,345,4,98,5,1
2010,345,13,67,8,0
2010,345,1,127,1,2
2010,345,20,115,3,2
2010,345,3,75,7,0
2010,345,30,34,9,0
2010,345,18,121,2,2
2010,345,17,103,4,2
2010,345,24,12,12,0
2010,345,22,19,11,0
2010,345,9,83,6,0
2010,345,16,31,10,0
2010,345,153,3,16,0
2010,345,807,1,17,0
2010,345,5,0,19,0
2010,345,67,7,14,0
2010,345,15,0,22,0
2010,345,37,0,18,0
2010,345,811,0,23,0
2010,345,10,0,24,0
2010,345,808,6,15,0
2010,345,155,7,13,0
2010,345,810,0,21,0
2010,345,812,0,20,0
1989,364,95,25,3,1
1989,364,117,53,1,3
1989,364,127,4,14,0
1989,364,65,5,9,0
1989,364,118,5,10,0
1989,364,145,12,6,0
1989,364,156,1,23,0
1989,364,138,0,26,0
1989,364,129,1,21,0
1989,364,105,6,8,0
1989,364,102,36,2,4
1989,364,112,0,32,0
1989,364,110,4,12,0
1989,364,157,3,16,0
1989,364,119,25,4,0
1989,364,158,4,11,0
1989,364,146,0,36,0
1989,364,84,1,24,0
1989,364,122,0,28,0
1989,364,137,8,7,0
1989,364,131,4,13,0
1989,364,123,13,5,1
1989,364,94,2,18,0
1989,364,77,0,35,0
1989,364,159,1,25,0
1989,364,114,0,38,0
1989,364,163,2,19,0
1989,364,148,0,39,0
1989,364,90,0,34,0
1989,364,133,4,15,0
1989,364,160,0,40,0
1989,364,161,0,41,0
1989,364,162,0,37,0
1989,364,164,0,42,0
1989,364,88,0,43,0
1989,364,140,2,20,0
1989,364,92,0,30,0
1989,364,99,1,22,0
1989,364,78,0,31,0
1989,364,55,3,17,0
1989,364,139,0,27,0
1989,364,103,0,29,0
1989,364,151,0,33,0
1988,380,117,60,1,4
1988,380,77,25,3,0
1988,380,137,15,5,0
1988,380,118,9,7,0
1988,380,105,16,4,0
1988,380,138,1,15,0
1988,380,123,12,6,0
1988,380,158,1,14,0
1988,380,140,0,21,0
1988,380,110,3,13,0
1988,380,156,5,10,0
1988,380,159,0,26,0
1988,380,112,0,25,0
1988,380,99,0,20,0
1988,380,166,0,24,0
1988,380,114,0,18,0
1988,380,163,0,32,0
1988,380,131,0,27,0
1988,380,95,6,8,0
1988,380,145,6,9,0
1988,380,119,1,16,0
1988,380,122,4,11,0
1988,380,167,0,31,0
1988,380,127,3,12,0
1988,380,165,0,29,0
1988,380,141,0,22,0
1988,380,160,0,30,0
1988,380,78,0,23,0
1988,380,146,0,28,0
1988,380,133,0,19,0
1988,380,102,57,2,5
1988,380,94,1,17,0
1987,396,117,30,4,2
1987,396,137,48,1,2
1987,396,140,19,5,0
1987,396,77,9,6,0
1987,396,123,5,9,0
1987,396,95,30,3,3
1987,396,138,6,8,0
1987,396,105,8,7,0
1987,396,157,0,21,0
1987,396,156,4,13,0
1987,396,166,4,11,0
1987,396,169,0,23,0
1987,396,158,4,12,0
1987,396,102,41,2,2
1987,396,119,2,17,0
1987,396,110,4,10,0
1987,396,118,3,15,0
1987,396,133,0,25,0
1987,396,145,0,24,0
1987,396,84,2,16,0
1987,396,170,3,14,0
1987,396,122,1,20,0
1987,396,112,1,18,0
1987,396,167,0,26,0
1987,396,99,0,27,0
1987,396,160,0,22,0
1987,396,163,1,19,0
1986,412,137,29,4,1
1986,412,102,36,3,2
1986,412,172,14,6,0
1986,412,163,11,7,0
1986,412,84,4,11,0
1986,412,77,6,9,0
1986,412,166,1,14,0
1986,412,173,0,20,0
1986,412,174,0,16,0
1986,412,170,2,12,0
1986,412,123,0,15,0
1986,412,105,6,10,0
1986,412,117,43,2,2
1986,412,157,0,23,0
1986,412,140,7,8,0
1986,412,175,0,19,0
1986,412,119,2,13,0
1986,412,156,0,18,0
1986,412,176,0,21,0
1986,412,145,0,26,0
1986,412,110,0,27,0
1986,412,160,0,25,0
1986,412,177,17,5,0
1986,412,178,0,22,0
1986,412,95,47,1,4
1986,412,179,0,24,0
1986,412,118,0,17,0
1986,412,158,0,29,0
1986,412,180,0,28,0
1985,428,117,41,2,3
1985,428,105,46,1,2
1985,428,173,26,3,1
1985,428,163,3,16,0
1985,428,175,11,7,0
1985,428,172,10,8,0
1985,428,140,16,5,0
1985,428,84,0,18,0
1985,428,112,0,23,0
1985,428,118,4,14,0
1985,428,123,9,10,0
1985,428,160,0,22,0
1985,428,181,0,26,0
1985,428,77,0,19,0
1985,428,102,9,9,1
1985,428,158,0,21,0
1985,428,94,0,24,0
1985,428,182,5,12,0
1985,428,110,3,15,0
1985,428,119,0,20,0
1985,428,177,18,4,1
1985,428,183,0,30,0
1985,428,95,6,11,0
1985,428,184,0,29,0
1985,428,137,13,6,1
1985,428,185,4,13,0
1985,428,156,0,25,0
1985,428,170,0,27,0
1985,428,176,1,17,0
1985,428,179,0,28,0
2007,44,20,1,17,0
2007,44,14,4,12,0
2007,44,27,0,22,0
2007,44,9,22,6,0
2007,44,26,0,19,0
2007,44,25,8,9,0
2007,44,16,0,21,0
2007,44,19,0,20,0
2007,44,18,1,16,0
2007,44,24,0,23,0
2007,44,17,2,14,0
2007,44,11,4,13,0
2007,44,5,14,8,0
2007,44,23,2,15,0
2007,44,3,5,11,0
2007,44,21,17,7,0
2007,44,4,58,2,2
2007,44,2,33,5,0
2007,44,1,70,1,2
2007,44,8,52,3,3
2007,44,13,51,4,2
2007,44,15,7,10,0
2007,44,22,0,18,0
1984,444,117,35.5,1,3
1984,444,177,20.5,5,1
1984,444,173,26,2,0
1984,444,158,3,14,0
1984,444,175,8,9,0
1984,444,123,3,17,0
1984,444,176,0,19,0
1984,444,156,0,23,0
1984,444,118,13,7,0
1984,444,110,3,16,0
1984,444,119,3,15,0
1984,444,182,24,3,2
1984,444,95,6,10,0
1984,444,137,18,6,2
1984,444,170,4,13,0
1984,444,163,23,4,0
1984,444,160,2,18,0
1984,444,183,0,26,0
1984,444,112,0,25,0
1984,444,188,0,24,0
1984,444,172,5,12,0
1984,444,105,9.5,8,1
1984,444,184,0,21,0
1984,444,102,5,11,0
1984,444,84,0,27,0
1984,444,185,0,29,0
1984,444,181,0,22,0
1984,444,189,0,30,0
1984,444,190,0,20,0
1984,444,179,0,28,0
1984,444,191,0,31,0
1983,460,137,33,2,1
1983,460,182,11,8,0
1983,460,172,10,9,0
1983,460,175,31,3,1
1983,460,176,4,12,0
1983,460,117,39,1,3
1983,460,118,0,18,0
1983,460,192,0,17,0
1983,460,163,19,5,1
1983,460,193,2,13,0
1983,460,95,4,11,0
1983,460,188,1,15,0
1983,460,194,0,26,0
1983,460,181,0,23,0
1983,460,195,0,27,0
1983,460,158,14,7,0
1983,460,187,16,6,1
1983,460,196,0,19,0
1983,460,184,1,14,0
1983,460,197,0,22,0
1983,460,119,0,25,0
1983,460,190,0,29,0
1983,460,152,0,20,0
1983,460,105,9,10,1
1983,460,110,0,21,0
1983,460,160,0,30,0
1983,460,178,0,28,0
1983,460,173,0,24,0
1983,460,177,25,4,1
1983,460,168,0,34,0
1983,460,123,0,16,0
1983,460,198,0,32,0
1983,460,140,0,31,0
1983,460,186,0,33,0
1982,475,117,18,5,2
1982,475,199,6,13,0
1982,475,163,4,16,0
1982,475,182,15,7,1
1982,475,177,21,3,0
1982,475,187,30,1,2
1982,475,105,10,9,0
1982,475,173,10,10,0
1982,475,194,2,19,0
1982,475,181,2,20,0
1982,475,152,0,29,0
1982,475,200,0,24,0
1982,475,110,5,14,0
1982,475,206,5,15,0
1982,475,196,0,26,0
1982,475,201,0,25,0
1982,475,192,1,23,0
1982,475,202,29,2,2
1982,475,172,1,22,0
1982,475,118,0,32,0
1982,475,119,19,4,1
1982,475,158,10,8,0
1982,475,203,6,12,0
1982,475,137,17,6,1
1982,475,95,7,11,0
1982,475,197,3,17,0
1982,475,184,1,21,0
1982,475,204,0,31,0
1982,475,205,0,27,0
1982,475,195,0,33,0
1982,475,170,0,30,0
1982,475,207,0,35,0
1982,475,176,2,18,0
1982,475,136,0,34,0
1982,475,208,0,37,0
1982,475,209,0,36,0
1982,475,175,0,28,0
1982,475,90,0,38,0
1981,491,178,24,3,1
1981,491,199,43,1,2
1981,491,137,26,2,2
1981,491,207,3,16,0
1981,491,158,8,9,0
1981,491,175,1,17,0
1981,491,192,0,21,0
1981,491,163,5,13,0
1981,491,176,4,15,0
1981,491,202,7,11,0
1981,491,197,0,20,0
1981,491,212,5,14,0
1981,491,152,0,23,0
1981,491,172,21,5,0
1981,491,177,0,24,0
1981,491,136,0,27,0
1981,491,119,10,8,0
1981,491,213,0,32,0
1981,491,95,5,12,0
1981,491,203,21,4,2
1981,491,187,19,6,1
1981,491,173,8,10,0
1981,491,117,13,7,1
1981,491,110,1,18,0
1981,491,214,0,34,0
1981,491,206,0,22,0
1981,491,215,0,33,0
1981,491,216,0,25,0
1981,491,194,0,30,0
1981,491,217,0,28,0
1981,491,218,0,38,0
1981,491,219,0,31,0
1981,491,201,1,19,0
1981,491,105,0,26,0
1981,491,118,0,36,0
1981,491,205,0,35,0
1981,491,160,0,29,0
1981,491,220,0,37,0
1980,506,229,0,33,0
1980,506,228,0,35,0
1980,506,211,0,25,0
1980,506,212,0,22,0
1980,506,227,0,30,0
1980,506,226,0,34,0
1980,506,209,0,27,0
1980,506,158,0,29,0
1980,506,136,0,26,0
1980,506,140,0,32,0
1980,506,225,0,31,0
1980,506,197,4,13,0
1980,506,202,23,6,1
1980,506,163,23,5,2
1980,506,219,0,24,0
1980,506,187,3,17,0
1980,506,173,6,8,0
1980,506,199,26,3,1
1980,506,200,4,12,0
1980,506,207,0,19,0
1980,506,176,0,21,0
1980,506,119,7,7,0
1980,506,172,25,4,1
1980,506,203,4,15,0
1980,506,224,5,10,0
1980,506,223,0,23,0
1980,506,222,2,18,0
1980,506,221,0,28,0
1980,506,217,0,20,0
1980,506,117,4,16,0
1980,506,152,4,14,0
1980,506,206,6,9,0
1980,506,177,4,11,0
1980,506,137,34,2,1
1980,506,178,41,1,3
1979,520,236,0,28,0
1979,520,235,1,18,0
1979,520,177,0,25,0
1979,520,152,0,29,0
1979,520,234,0,31,0
1979,520,233,0,22,0
1979,520,119,2,14,0
1979,520,232,0,30,0
1979,520,137,0,20,0
1979,520,175,0,21,0
1979,520,202,8,12,0
1979,520,222,32,1,2
1979,520,163,10,10,0
1979,520,182,1,17,0
1979,520,219,9,11,1
1979,520,197,13,7,0
1979,520,231,0,23,0
1979,520,136,0,26,0
1979,520,212,0,24,0
1979,520,203,26,2,2
1979,520,206,0,27,0
1979,520,223,16,6,1
1979,520,178,7,13,0
1979,520,200,1,15,0
1979,520,173,0,19,0
1979,520,224,1,16,0
1979,520,207,12,8,0
1979,520,221,20,4,1
1979,520,187,11,9,0
1979,520,199,20,5,0
1979,520,172,24,3,2
1978,535,208,0,36,0
1978,535,244,0,37,0
1978,535,152,0,21,0
1978,535,235,0,28,0
1978,535,206,0,34,0
1978,535,163,0,23,0
1978,535,177,0,29,0
1978,535,219,0,25,0
1978,535,243,0,22,0
1978,535,119,8,8,0
1978,535,242,0,35,0
1978,535,158,0,33,0
1978,535,212,0,24,0
1978,535,211,0,27,0
1978,535,232,0,30,0
1978,535,241,0,32,0
1978,535,240,0,31,0
1978,535,178,5,12,0
1978,535,187,12,6,0
1978,535,230,0,19,0
1978,535,233,0,26,0
1978,535,172,10,7,0
1978,535,223,4,15,0
1978,535,202,5,13,0
1978,535,239,0,18,0
1978,535,197,0,20,0
1978,535,200,0,17,0
1978,535,222,8,10,0
1978,535,224,7,11,0
1978,535,203,3,16,0
1978,535,199,22,5,2
1978,535,175,4,14,0
1978,535,238,36,2,1
1978,535,231,8,9,0
1978,535,221,23,4,1
1978,535,182,25,3,1
1978,535,207,45,1,4
1977,551,175,0,40,0
1977,551,263,0,42,0
1977,551,262,0,24,0
1977,551,212,0,38,0
1977,551,261,0,41,0
1977,551,235,0,29,0
1977,551,119,0,23,0
1977,551,260,0,39,0
1977,551,259,0,32,0
1977,551,232,0,34,0
1977,551,229,0,22,0
1977,551,211,0,26,0
1977,551,208,0,33,0
1977,551,258,0,27,0
1977,551,178,3,15,0
1977,551,205,0,28,0
1977,551,197,1,18,0
1977,551,257,0,37,0
1977,551,233,2,16,0
1977,551,239,0,25,0
1977,551,256,0,31,0
1977,551,255,16,5,1
1977,551,254,1,19,0
1977,551,246,0,21,0
1977,551,182,33,1,1
1977,551,253,0,20,0
1977,551,238,4,13,0
1977,551,200,14,6,0
1977,551,231,13,7,0
1977,551,221,10,8,0
1977,551,172,9,9,1
1977,551,237,0,36,0
1977,551,187,9,10,0
1977,551,252,0,35,0
1977,551,251,0,30,0
1977,551,230,3,14,0
1977,551,223,1,17,0
1977,551,207,32,2,3
1977,551,224,8,11,0
1977,551,199,28,4,1
1977,551,250,6,12,0
1977,551,222,32,3,2
1976,568,283,0,42,0
1976,568,242,0,40,0
1976,568,282,0,41,0
1976,568,281,0,37,0
1976,568,280,0,34,0
1976,568,265,0,32,0
1976,568,258,0,33,0
1976,568,208,0,39,0
1976,568,279,0,38,0
1976,568,271,0,30,0
1976,568,256,0,23,0
1976,568,232,0,24,0
1976,568,178,4,13,0
1976,568,251,0,36,0
1976,568,255,4,11,0
1976,568,229,0,21,0
1976,568,278,2,17,0
1976,568,277,0,26,0
1976,568,239,0,28,0
1976,568,276,0,27,0
1976,568,270,0,35,0
1976,568,187,10,6,0
1976,568,207,3,15,0
1976,568,238,0,20,0
1976,568,172,10,7,0
1976,568,230,0,22,0
1976,568,231,26,3,2
1976,568,197,0,18,0
1976,568,275,0,31,0
1976,568,224,3,16,0
1976,568,199,3,14,0
1976,568,253,0,29,0
1976,568,250,4,12,0
1976,568,254,0,25,0
1976,568,235,0,19,0
1976,568,223,16,5,1
1976,568,200,10,8,0
1976,568,222,30,2,1
1976,568,233,6,10,0
1976,568,252,7,9,0
1976,568,221,26,4,0
1976,568,182,61,1,5
1975,584,219,0,30,0
1975,584,299,0,39,0
1975,584,298,0,23,0
1975,584,267,0,38,0
1975,584,282,0,33,0
1975,584,297,0,24,0
1975,584,178,0,27,0
1975,584,296,0,34,0
1975,584,295,0,35,0
1975,584,294,1,17,0
1975,584,275,0.5,18,0
1975,584,251,0,29,0
1975,584,276,0,21,0
1975,584,293,0,32,0
1975,584,292,0,31,0
1975,584,291,0,28,0
1975,584,187,0,20,0
1975,584,197,1.5,15,0
1975,584,290,0,26,0
1975,584,172,0,25,0
1975,584,238,3,12,0
1975,584,283,0,37,0
1975,584,207,5,10,0
1975,584,232,0,36,0
1975,584,250,18,5,1
1975,584,200,14.5,8,1
1975,584,243,0,19,0
1975,584,252,2,14,0
1975,584,222,15,7,1
1975,584,289,0,22,0
1975,584,230,1,16,0
1975,584,235,3,11,0
1975,584,288,2,13,0
1975,584,182,47,1,4
1975,584,221,12,9,0
1975,584,223,16,6,0
1975,584,199,25,2,0
1975,584,231,22,4,1
1975,584,224,24,3,1
1974,598,319,0,45,0
1974,598,219,0,44,0
1974,598,318,0,43,0
1974,598,317,0,36,0
1974,598,316,0,40,0
1974,598,315,0,41,0
1974,598,252,0,37,0
1974,598,269,0,34,0
1974,598,267,0,32,0
1974,598,298,0,29,0
1974,598,313,0,23,0
1974,598,278,0,39,0
1974,598,314,0,26,0
1974,598,312,0,20,0
1974,598,311,0,22,0
1974,598,310,0,42,0
1974,598,293,0,35,0
1974,598,292,0,30,0
1974,598,251,0,27,0
1974,598,230,0,24,0
1974,598,197,6,12,0
1974,598,309,0,38,0
1974,598,200,0,33,0
1974,598,231,4,14,0
1974,598,232,1,18,0
1974,598,250,3,15,0
1974,598,222,26,4,1
1974,598,296,0,28,0
1974,598,233,5,13,0
1974,598,308,0,31,0
1974,598,235,6,11,0
1974,598,289,1,16,0
1974,598,238,19,5,2
1974,598,187,1,17,0
1974,598,265,0,19,0
1974,598,224,31,3,2
1974,598,280,0,25,0
1974,598,307,0,21,0
1974,598,199,9,10,1
1974,598,221,11,8,0
1974,598,306,10,9,0
1974,598,305,12,7,0
1974,598,223,32,2,0
1974,598,182,36,1,2
1974,598,304,12,6,1
2006,61,36,0,23,0
2006,61,34,0,22,0
2006,61,27,0,19,0
2006,61,35,7,12,0
2006,61,21,37,4,1
2006,61,11,0,21,0
2006,61,33,0,20,0
2006,61,15,3,15,0
2006,61,22,13,8,0
2006,61,23,8,10,0
2006,61,26,0,17,0
2006,61,2,12,9,0
2006,61,24,0,18,0
2006,61,14,8,11,0
2006,61,13,28,5,0
2006,61,32,1,16,0
2006,61,3,4,14,0
2006,61,17,6,13,0
2006,61,31,26,6,0
2006,61,18,16,7,0
2006,61,8,39,3,0
2006,61,30,59,2,2
2006,61,4,84,1,6
1973,613,336,0,38,0
1973,613,335,0,37,0
1973,613,200,0,35,0
1973,613,187,0,31,0
1973,613,313,0,28,0
1973,613,317,0,34,0
1973,613,259,0,33,0
1973,613,231,4,11,0
1973,613,278,1,17,0
1973,613,289,0,23,0
1973,613,280,0,22,0
1973,613,293,0,36,0
1973,613,262,0,26,0
1973,613,334,0,32,0
1973,613,292,0,30,0
1973,613,222,0,25,0
1973,613,333,3,12,0
1973,613,332,5,10,0
1973,613,331,0,27,0
1973,613,330,0,24,0
1973,613,250,0,20,0
1973,613,305,0,21,0
1973,613,199,8,7,0
1973,613,182,2,13,0
1973,613,238,25,4,1
1973,613,307,0,19,0
1973,613,306,2,14,0
1973,613,197,0,29,0
1973,613,329,0,18,0
1973,613,232,6,9,0
1973,613,309,20,6,1
1973,613,223,1,15,0
1973,613,290,1,16,0
1973,613,304,23,5,1
1973,613,235,8,8,0
1973,613,328,42,1,3
1973,613,327,33,3,0
1973,613,224,41,2,3
1972,628,296,0,35,0
1972,628,321,0,37,0
1972,628,262,0,33,0
1972,628,232,1,19,0
1972,628,221,0,32,0
1972,628,330,0,29,0
1972,628,312,4,13,0
1972,628,329,0,25,0
1972,628,290,0,20,0
1972,628,293,0,36,0
1972,628,305,7,11,0
1972,628,306,9,8,1
1972,628,250,3,16,0
1972,628,340,0,30,0
1972,628,243,0,27,0
1972,628,338,0,26,0
1972,628,278,11,7,0
1972,628,339,0,34,0
1972,628,320,0,28,0
1972,628,289,2,18,0
1972,628,333,3,14,0
1972,628,207,3,15,0
1972,628,309,14,5,0
1972,628,317,0,31,0
1972,628,327,9,9,0
1972,628,224,52,1,4
1972,628,182,0,22,0
1972,628,337,0,23,0
1972,628,307,4,12,0
1972,628,280,0,24,0
1972,628,199,0,21,0
1972,628,238,9,10,0
1972,628,314,2,17,0
1972,628,223,13,6,0
1972,628,235,25,4,1
1972,628,304,27,3,1
1972,628,328,27,2,2
1971,640,351,0,40,0
1971,640,197,0,31,0
1971,640,305,3,16,0
1971,640,182,0,36,0
1971,640,337,0,27,0
1971,640,350,0,28,0
1971,640,262,0,22,0
1971,640,329,0,32,0
1971,640,321,0,38,0
1971,640,330,0,26,0
1971,640,349,0,34,0
1971,640,348,0,30,0
1971,640,338,0,42,0
1971,640,298,0,24,0
1971,640,342,0,33,0
1971,640,314,5,14,0
1971,640,306,1,21,0
1971,640,339,0,35,0
1971,640,347,0,25,0
1971,640,320,9,9,1
1971,640,334,0,41,0
1971,640,340,0,39,0
1971,640,346,13,6,1
1971,640,293,0,37,0
1971,640,345,9,10,0
1971,640,307,2,19,0
1971,640,327,16,4,0
1971,640,341,3,17,0
1971,640,224,16,5,0
1971,640,333,0,29,0
1971,640,243,3,18,0
1971,640,280,4,15,0
1971,640,238,23,2,0
1971,640,289,2,20,0
1971,640,235,19,3,1
1971,640,312,0,23,0
1971,640,304,6,13,0
1971,640,278,9,11,0
1971,640,317,7,12,0
1971,640,223,12,8,0
1971,640,328,51,1,5
1971,640,207,12,7,1
1970,651,314,0,34,0
1970,651,365,0,38,0
1970,651,312,0,37,0
1970,651,224,3,16,0
1970,651,351,0,35,0
1970,651,353,0,32,0
1970,651,364,1,21,0
1970,651,320,0,26,0
1970,651,327,0,22,0
1970,651,223,12,8,0
1970,651,321,0,33,0
1970,651,363,3,15,0
1970,651,238,0,24,0
1970,651,339,0,36,0
1970,651,333,0,29,0
1970,651,278,14,6,0
1970,651,262,2,18,0
1970,651,243,8,10,0
1970,651,207,4,14,0
1970,651,361,0,31,0
1970,651,360,6,13,0
1970,651,359,2,19,0
1970,651,352,0,27,0
1970,651,341,1,20,0
1970,651,235,19,4,1
1970,651,358,45,1,5
1970,651,293,0,30,0
1970,651,362,0,28,0
1970,651,346,0,23,0
1970,651,345,13,7,1
1970,651,340,0,25,0
1970,651,280,8,11,0
1970,651,289,7,12,0
1970,651,357,2,17,0
1970,651,306,10,9,0
1970,651,328,19,5,1
1970,651,304,20,3,0
1970,651,356,25,2,1
1969,664,372,0,28,0
1969,664,343,0,22,0
1969,664,353,0,19,0
1969,664,359,1,16,0
1969,664,321,0,26,0
1969,664,347,0,24,0
1969,664,357,0,21,0
1969,664,351,0,18,0
1969,664,350,3,13,0
1969,664,370,3,12,0
1969,664,361,10,9,0
1969,664,369,0,29,0
1969,664,235,31,2,2
1969,664,340,0,27,0
1969,664,207,0,25,0
1969,664,356,7,10,0
1969,664,278,4,11,0
1969,664,345,1,15,0
1969,664,341,2,14,0
1969,664,358,13,7,0
1969,664,362,0,23,0
1969,664,368,0,20,0
1969,664,262,0,17,0
1969,664,306,19,5,0
1969,664,360,26,3,0
1969,664,346,15,6,0
1969,664,304,11,8,0
1969,664,289,19,4,1
1969,664,328,60,1,6
1968,675,380,0,37,0
1968,675,321,0,34,0
1968,675,322,0,28,0
1968,675,379,0,27,0
1968,675,365,0,26,0
1968,675,378,0,30,0
1968,675,377,0,33,0
1968,675,350,3,19,0
1968,675,351,2,22,0
1968,675,262,2,20,0
1968,675,359,6,14,0
1968,675,376,5,16,0
1968,675,370,6,13,0
1968,675,361,4,18,0
1968,675,360,9,9,1
1968,675,375,6,15,0
1968,675,293,0,38,0
1968,675,312,4,17,0
1968,675,374,0,36,0
1968,675,333,0,35,0
1968,675,356,2,21,0
1968,675,345,11,5,0
1968,675,369,0,32,0
1968,675,368,0,31,0
1968,675,328,26,3,2
1968,675,347,1,23,0
1968,675,235,27,2,1
1968,675,364,0,24,0
1968,675,334,0,29,0
1968,675,340,0,25,0
1968,675,341,8,11,0
1968,675,346,9,8,1
1968,675,306,11,6,0
1968,675,304,24,4,1
1968,675,278,10,7,0
1968,675,358,8,12,0
1968,675,289,30,1,2
1968,675,373,9,10,1
1967,687,394,0,32,0
1967,687,393,0,39,0
1967,687,371,0,35,0
1967,687,392,0,26,0
1967,687,370,0,25,0
1967,687,377,0,42,0
1967,687,379,0,41,0
1967,687,365,0,37,0
1967,687,391,0,33,0
1967,687,235,1,20,0
1967,687,262,0,22,0
1967,687,351,0,34,0
1967,687,390,0,23,0
1967,687,322,0,24,0
1967,687,389,1,21,0
1967,687,388,2,15,0
1967,687,375,1,19,0
1967,687,387,2,17,0
1967,687,386,0,40,0
1967,687,306,0,38,0
1967,687,359,0,36,0
1967,687,385,0,27,0
1967,687,360,3,14,0
1967,687,278,20,4,0
1967,687,328,10,8,0
1967,687,373,23,3,2
1967,687,347,2,18,0
1967,687,374,7,10,0
1967,687,358,6,12,0
1967,687,346,3,13,0
1967,687,364,13,7,1
1967,687,361,0,29,0
1967,687,384,0,30,0
1967,687,304,43,1,2
1967,687,340,6,11,0
1967,687,356,40,2,2
1967,687,293,0,28,0
1967,687,383,2,16,0
1967,687,345,14,6,1
1967,687,341,17,5,1
1967,687,289,9,9,0
1967,687,368,0,31,0
1966,698,382,0,30,0
1966,698,405,0,22,0
1966,698,404,0,27,0
1966,698,403,0,33,0
1966,698,394,0,29,0
1966,698,402,0,25,0
1966,698,375,9,10,1
1966,698,401,0,32,0
1966,698,400,0,26,0
1966,698,388,0,21,0
1966,698,345,0,28,0
1966,698,278,0,23,0
1966,698,399,1,20,0
1966,698,387,12,8,0
1966,698,398,0,31,0
1966,698,397,1,17,0
1966,698,364,4,12,0
1966,698,383,1,19,0
1966,698,360,3,16,0
1966,698,304,18,4,0
1966,698,341,28,2,2
1966,698,356,42,1,4
1966,698,374,4,13,0
1966,698,346,3,15,0
1966,698,358,22,3,0
1966,698,373,16,6,1
1966,698,347,1,18,0
1966,698,389,0,24,0
1966,698,386,5,11,0
1966,698,396,3,14,0
1966,698,289,17,5,0
1966,698,385,12,9,0
1966,698,328,14,7,1
1965,707,382,0,27,0
1965,707,396,0,22,0
1965,707,345,2,12,0
1965,707,426,0,43,0
1965,707,394,0,40,0
1965,707,402,0,37,0
1965,707,425,0,28,0
1965,707,424,0,30,0
1965,707,423,0,34,0
1965,707,422,0,44,0
1965,707,421,0,42,0
1965,707,419,0,36,0
1965,707,420,0,24,0
1965,707,278,0,33,0
1965,707,418,0,18,0
1965,707,404,0,20,0
1965,707,376,0,26,0
1965,707,386,2,14,0
1965,707,305,0,35,0
1965,707,405,0,29,0
1965,707,370,1,15,0
1965,707,304,5,10,0
1965,707,417,0,53,0
1965,707,416,0,52,0
1965,707,415,0,51,0
1965,707,293,0,50,0
1965,707,334,0,49,0
1965,707,414,0,48,0
1965,707,413,0,47,0
1965,707,412,0,46,0
1965,707,411,0,45,0
1965,707,410,0,41,0
1965,707,409,0,39,0
1965,707,364,19,4,0
1965,707,340,0,38,0
1965,707,358,4,11,0
1965,707,347,0,16,0
1965,707,383,0,19,0
1965,707,385,13,6,0
1965,707,407,0,32,0
1965,707,368,0,31,0
1965,707,380,0,17,0
1965,707,408,0,25,0
1965,707,362,0,23,0
1965,707,406,0,21,0
1965,707,356,9,8,0
1965,707,346,2,13,0
1965,707,328,33,3,1
1965,707,360,10,7,0
1965,707,374,6,9,0
1965,707,289,40,2,2
1965,707,341,17,5,0
1965,707,373,54,1,6
1964,717,434,0,29,0
1964,717,433,2,17,0
1964,717,340,0,38,0
1964,717,402,0,36,0
1964,717,432,0,31,0
1964,717,375,0,24,0
1964,717,358,0,28,0
1964,717,431,0,34,0
1964,717,405,0,26,0
1964,717,423,0,23,0
1964,717,370,0,39,0
1964,717,380,0,37,0
1964,717,420,0,33,0
1964,717,399,0,27,0
1964,717,374,1,21,0
1964,717,430,0,32,0
1964,717,408,4,12,0
1964,717,394,0,22,0
1964,717,429,0,30,0
1964,717,404,4,13,0
1964,717,428,0,35,0
1964,717,309,0,25,0
1964,717,278,2,15,0
1964,717,401,1,19,0
1964,717,341,34,2,2
1964,717,360,13,6,0
1964,717,356,11,7,0
1964,717,427,2,16,0
1964,717,364,10,9,1
1964,717,385,19,5,1
1964,717,403,1,18,0
1964,717,346,7,10,0
1964,717,383,5,11,0
1964,717,305,1,20,0
1964,717,347,3,14,0
1964,717,373,30,3,3
1964,717,397,11,8,0
1964,717,386,23,4,0
1964,717,289,39,1,2
1963,727,435,0,32,0
1963,727,427,0,21,0
1963,727,364,13,7,0
1963,727,440,3,13,0
1963,727,346,1,15,0
1963,727,278,0,18,0
1963,727,428,0,24,0
1963,727,356,14,6,0
1963,727,452,0,45,0
1963,727,451,0,41,0
1963,727,382,0,27,0
1963,727,450,0,44,0
1963,727,433,0,40,0
1963,727,434,0,19,0
1963,727,345,0,36,0
1963,727,449,0,35,0
1963,727,448,0,20,0
1963,727,447,0,52,0
1963,727,446,0,51,0
1963,727,445,0,50,0
1963,727,444,0,49,0
1963,727,443,0,47,0
1963,727,374,0,30,0
1963,727,442,0,48,0
1963,727,441,0,46,0
1963,727,429,0,43,0
1963,727,432,0,34,0
1963,727,420,0,38,0
1963,727,383,0,28,0
1963,727,305,0,22,0
1963,727,418,0,26,0
1963,727,375,1,17,0
1963,727,397,0,39,0
1963,727,376,0,33,0
1963,727,430,2,14,0
1963,727,385,4,11,0
1963,727,439,0,42,0
1963,727,438,0,23,0
1963,727,437,0,37,0
1963,727,394,0,31,0
1963,727,403,0,25,0
1963,727,404,6,9,0
1963,727,373,54,1,6
1963,727,347,5,10,0
1963,727,401,1,16,0
1963,727,341,22,4,1
1963,727,408,9,8,0
1963,727,360,14,5,0
1963,727,289,25,3,2
1963,727,423,3,12,0
1963,727,436,0,29,0
1963,727,386,29,2,0
1962,737,368,0,52,0
1962,737,474,0,44,0
1962,737,473,0,42,0
1962,737,472,0,39,0
1962,737,411,0,37,0
1962,737,413,0,28,0
1962,737,471,0,25,0
1962,737,340,0,22,0
1962,737,410,1,19,0
1962,737,440,0,47,0
1962,737,470,0,40,0
1962,737,434,0,33,0
1962,737,469,0,29,0
1962,737,468,0,26,0
1962,737,442,0,61,0
1962,737,439,0,59,0
1962,737,444,0,58,0
1962,737,467,0,57,0
1962,737,445,0,60,0
1962,737,428,0,56,0
1962,737,466,0,34,0
1962,737,465,0,45,0
1962,737,464,0,49,0
1962,737,463,0,35,0
1962,737,438,0,31,0
1962,737,437,0,30,0
1962,737,446,0,50,0
1962,737,462,0,46,0
1962,737,397,0,41,0
1962,737,461,0,55,0
1962,737,460,0,53,0
1962,737,436,0,32,0
1962,737,376,0,24,0
1962,737,459,0,43,0
1962,737,424,0,54,0
1962,737,425,0,23,0
1962,737,346,0,27,0
1962,737,435,3,14,0
1962,737,385,4,12,0
1962,737,427,0,20,0
1962,737,458,0,51,0
1962,737,457,0,48,0
1962,737,356,9,9,0
1962,737,341,19,4,0
1962,737,456,0,36,0
1962,737,360,27,3,1
1962,737,364,15,5,1
1962,737,455,0,38,0
1962,737,418,1,18,0
1962,737,404,2,16,0
1962,737,386,10,8,0
1962,737,454,4,13,0
1962,737,373,30,2,3
1962,737,453,0,21,0
1962,737,347,3,15,0
1962,737,430,2,17,0
1962,737,408,13,7,0
1962,737,394,5,11,0
1962,737,403,14,6,0
1962,737,401,6,10,0
1962,737,289,42,1,4
1961,745,495,0,47,0
1961,745,433,0,43,0
1961,745,494,0,39,0
1961,745,440,0,38,0
1961,745,434,0,28,0
1961,745,493,0,24,0
1961,745,468,0,22,0
1961,745,492,0,62,0
1961,745,467,0,61,0
1961,745,491,0,60,0
1961,745,429,0,59,0
1961,745,444,0,56,0
1961,745,424,0,53,0
1961,745,486,0,50,0
1961,745,425,0,46,0
1961,745,454,0,42,0
1961,745,447,0,40,0
1961,745,436,0,58,0
1961,745,490,0,57,0
1961,745,489,0,32,0
1961,745,488,0,55,0
1961,745,431,0,51,0
1961,745,487,0,54,0
1961,745,460,0,36,0
1961,745,441,0,27,0
1961,745,465,0,35,0
1961,745,408,0,29,0
1961,745,484,0,49,0
1961,745,485,0,52,0
1961,745,428,0,45,0
1961,745,483,0,48,0
1961,745,456,2,17,0
1961,745,394,9,9,1
1961,745,455,0,37,0
1961,745,459,0,34,0
1961,745,435,0,41,0
1961,745,385,0,20,0
1961,745,453,3,13,0
1961,745,437,0,31,0
1961,745,430,0,19,0
1961,745,401,0,33,0
1961,745,482,3,14,0
1961,745,376,0,44,0
1961,745,418,0,25,0
1961,745,481,0,26,0
1961,745,404,12,6,1
1961,745,289,3,16,0
1961,745,356,4,11,0
1961,745,480,0,30,0
1961,745,479,6,10,0
1961,745,347,3,15,0
1961,745,341,4,12,0
1961,745,373,11,7,0
1961,745,478,0,23,0
1961,745,477,0,21,0
1961,745,427,0,18,0
1961,745,360,11,8,0
1961,745,364,21,4,0
1961,745,476,33,2,2
1961,745,403,34,1,2
1961,745,386,16,5,0
1961,745,475,21,3,2
1960,754,547,0,83,0
1960,754,546,0,81,0
1960,754,398,0,80,0
1960,754,491,0,77,0
1960,754,545,0,42,0
1960,754,455,0,37,0
1960,754,544,0,33,0
1960,754,431,0,29,0
1960,754,478,1,26,0
1960,754,543,3,20,0
1960,754,432,0,73,0
1960,754,465,0,88,0
1960,754,486,0,87,0
1960,754,542,0,46,0
1960,754,541,1,25,0
1960,754,540,0,84,0
1960,754,435,4,16,0
1960,754,376,1,24,0
1960,754,482,10,6,0
1960,754,373,8,10,0
1960,754,430,0,32,0
1960,754,481,3,18,0
1960,754,539,0,71,0
1960,754,538,0,70,0
1960,754,537,0,69,0
1960,754,536,0,68,0
1960,754,535,0,67,0
1960,754,534,0,66,0
1960,754,533,0,65,0
1960,754,532,0,64,0
1960,754,531,0,63,0
1960,754,530,0,62,0
1960,754,529,0,61,0
1960,754,528,0,60,0
1960,754,527,0,59,0
1960,754,526,0,58,0
1960,754,525,0,57,0
1960,754,524,0,56,0
1960,754,523,0,55,0
1960,754,522,0,54,0
1960,754,521,0,53,0
1960,754,520,0,52,0
1960,754,519,0,50,0
1960,754,518,0,47,0
1960,754,517,0,44,0
1960,754,516,0,41,0
1960,754,515,0,38,0
1960,754,514,0,34,0
1960,754,494,0,30,0
1960,754,513,1,27,0
1960,754,512,2,23,0
1960,754,511,3,19,0
1960,754,510,4,17,0
1960,754,449,6,14,0
1960,754,509,8,8,1
1960,754,437,0,40,0
1960,754,508,0,82,0
1960,754,507,0,76,0
1960,754,484,0,49,0
1960,754,506,0,31,0
1960,754,427,0,28,0
1960,754,341,6,12,0
1960,754,505,0,74,0
1960,754,456,0,75,0
1960,754,364,0,39,0
1960,754,386,8,9,0
1960,754,479,7,11,0
1960,754,483,0,78,0
1960,754,504,0,86,0
1960,754,503,0,85,0
1960,754,502,0,72,0
1960,754,289,4,15,0
1960,754,356,40,1,5
1960,754,501,0,79,0
1960,754,439,0,51,0
1960,754,500,0,48,0
1960,754,418,0,35,0
1960,754,499,0,45,0
1960,754,498,0,43,0
1960,754,497,0,36,0
1960,754,403,15,3,1
1960,754,347,2,22,0
1960,754,404,12,4,0
1960,754,476,10,7,0
1960,754,496,3,21,0
1960,754,475,11,5,1
1960,754,477,6,13,0
1960,754,360,33,2,1
1959,764,576,0,57,0
1959,764,575,0,56,0
1959,764,574,0,51,0
1959,764,573,0,50,0
1959,764,572,0,26,0
1959,764,543,0,47,0
1959,764,432,0,36,0
1959,764,441,0,85,0
1959,764,401,0,83,0
1959,764,571,0,80,0
1959,764,387,0,78,0
1959,764,570,0,77,0
1959,764,465,0,75,0
1959,764,456,0,20,0
1959,764,475,25.5,3,2
1959,764,541,0,21,0
1959,764,501,5,13,0
1959,764,347,10,8,1
1959,764,554,2,18,0
1959,764,289,0,25,0
1959,764,418,10,9,0
1959,764,476,0,23,0
1959,764,477,2,17,0
1959,764,506,0,52,0
1959,764,549,0,43,0
1959,764,540,0,71,0
1959,764,484,0,68,0
1959,764,542,0,64,0
1959,764,478,0,49,0
1959,764,486,0,53,0
1959,764,569,0,41,0
1959,764,481,0,40,0
1959,764,505,0,35,0
1959,764,502,0,30,0
1959,764,568,0,65,0
1959,764,462,0,38,0
1959,764,437,0,22,0
1959,764,364,13,7,0
1959,764,567,0,34,0
1959,764,482,3,15,0
1959,764,566,0,28,0
1959,764,430,0,32,0
1959,764,404,5,14,0
1959,764,525,0,88,0
1959,764,536,0,87,0
1959,764,517,0,86,0
1959,764,565,0,84,0
1959,764,564,0,82,0
1959,764,563,0,81,0
1959,764,562,0,79,0
1959,764,522,0,76,0
1959,764,516,0,74,0
1959,764,511,0,72,0
1959,764,561,0,69,0
1959,764,528,0,66,0
1959,764,560,0,62,0
1959,764,537,0,61,0
1959,764,559,0,59,0
1959,764,558,0,55,0
1959,764,527,0,54,0
1959,764,535,0,48,0
1959,764,557,0,46,0
1959,764,556,0,45,0
1959,764,538,0,44,0
1959,764,514,0,42,0
1959,764,520,0,39,0
1959,764,531,0,37,0
1959,764,555,0,33,0
1959,764,513,0,31,0
1959,764,518,0,27,0
1959,764,533,0,24,0
1959,764,510,2,19,0
1959,764,529,3,16,0
1959,764,512,5,12,0
1959,764,509,6,11,0
1959,764,449,8,10,1
1959,764,553,0,73,0
1959,764,552,0,70,0
1959,764,353,0,67,0
1959,764,551,0,63,0
1959,764,376,0,60,0
1959,764,479,27,2,2
1959,764,427,19,5,0
1959,764,403,20,4,0
1959,764,550,0,58,0
1959,764,483,0,29,0
1959,764,360,16.5,6,1
1959,764,356,31,1,2
1958,773,484,0,66,0
1958,773,601,0,64,0
1958,773,478,0,59,0
1958,773,600,0,51,0
1958,773,459,0,31,0
1958,773,431,0,21,0
1958,773,360,0,20,0
1958,773,486,0,58,0
1958,773,502,0,56,0
1958,773,549,0,39,0
1958,773,437,0,25,0
1958,773,566,0,32,0
1958,773,526,0,37,0
1958,773,403,0,24,0
1958,773,455,0,46,0
1958,773,482,0,22,0
1958,773,599,0,83,0
1958,773,536,0,82,0
1958,773,598,0,81,0
1958,773,510,0,80,0
1958,773,597,0,77,0
1958,773,596,0,76,0
1958,773,537,0,74,0
1958,773,514,0,73,0
1958,773,562,0,72,0
1958,773,563,0,70,0
1958,773,512,0,68,0
1958,773,527,0,65,0
1958,773,595,0,63,0
1958,773,449,0,61,0
1958,773,523,0,57,0
1958,773,555,0,55,0
1958,773,565,0,53,0
1958,773,531,0,50,0
1958,773,539,0,48,0
1958,773,516,0,47,0
1958,773,594,0,43,0
1958,773,593,0,42,0
1958,773,558,0,41,0
1958,773,560,0,38,0
1958,773,513,0,35,0
1958,773,564,0,30,0
1958,773,528,0,26,0
1958,773,592,0,23,0
1958,773,509,2,19,0
1958,773,529,4,16,0
1958,773,533,4,15,0
1958,773,591,6,14,0
1958,773,525,8,12,1
1958,773,418,0,49,0
1958,773,430,0,40,0
1958,773,589,0,79,0
1958,773,588,0,78,0
1958,773,587,0,75,0
1958,773,586,0,71,0
1958,773,543,0,69,0
1958,773,553,0,67,0
1958,773,551,0,36,0
1958,773,585,0,62,0
1958,773,584,0,60,0
1958,773,583,0,33,0
1958,773,582,0,54,0
1958,773,541,0,52,0
1958,773,590,11,9,0
1958,773,479,16,3,2
1958,773,483,0,45,0
1958,773,456,13,5,0
1958,773,289,0,44,0
1958,773,347,0,28,0
1958,773,476,9,10,0
1958,773,477,3,18,0
1958,773,356,3,17,0
1958,773,427,12,6,1
1958,773,581,14,4,1
1958,773,547,0,34,0
1958,773,580,0,29,0
1958,773,496,0,27,0
1958,773,501,12,8,0
1958,773,554,9,11,0
1958,773,579,7,13,0
1958,773,578,36,1,1
1958,773,577,12,7,0
1958,773,475,32,2,3
1957,783,638,0,41,0
1957,783,498,1,22,0
1957,783,601,0,65,0
1957,783,621,0,64,0
1957,783,580,0,32,0
1957,783,620,0,58,0
1957,783,459,0,49,0
1957,783,430,0,46,0
1957,783,484,0,45,0
1957,783,431,0,42,0
1957,783,506,0,38,0
1957,783,486,0,55,0
1957,783,619,0,25,0
1957,783,618,0,54,0
1957,783,617,0,28,0
1957,783,616,0,76,0
1957,783,532,0,75,0
1957,783,526,0,74,0
1957,783,449,0,73,0
1957,783,596,0,72,0
1957,783,556,0,71,0
1957,783,558,0,70,0
1957,783,560,0,69,0
1957,783,513,0,68,0
1957,783,565,0,67,0
1957,783,527,0,66,0
1957,783,615,0,63,0
1957,783,538,0,62,0
1957,783,594,0,61,0
1957,783,614,0,60,0
1957,783,592,0,59,0
1957,783,528,0,51,0
1957,783,593,0,50,0
1957,783,529,0,48,0
1957,783,563,0,47,0
1957,783,516,0,44,0
1957,783,512,0,43,0
1957,783,562,0,40,0
1957,783,520,0,37,0
1957,783,514,0,34,0
1957,783,597,0,31,0
1957,783,613,0,29,0
1957,783,533,0,24,0
1957,783,612,2,19,0
1957,783,555,3,17,0
1957,783,525,4,16,0
1957,783,509,7,10,0
1957,783,611,8,8,1
1957,783,610,0,56,0
1957,783,609,0,39,0
1957,783,478,0,57,0
1957,783,456,2,18,0
1957,783,547,0,35,0
1957,783,549,0,30,0
1957,783,541,0,52,0
1957,783,483,1,20,0
1957,783,476,4,14,0
1957,783,356,0,23,0
1957,783,427,5,13,0
1957,783,590,5,12,0
1957,783,418,10,6,0
1957,783,479,11,5,1
1957,783,581,8,9,0
1957,783,577,16,3,0
1957,783,578,13,4,0
1957,783,608,0,53,0
1957,783,586,0,36,0
1957,783,573,0,33,0
1957,783,475,25,2,3
1957,783,347,0,27,0
1957,783,607,0,26,0
1957,783,606,1,21,0
1957,783,501,10,7,0
1957,783,496,4,15,0
1957,783,554,6,11,0
1957,783,579,40,1,4
2005,79,25,6,14,0
2005,79,37,4,18,0
2005,79,19,0,25,0
2005,79,27,4,17,0
2005,79,2,25,6,0
2005,79,30,34,3,1
2005,79,40,3,20,0
2005,79,33,6,13,0
2005,79,39,5,16,0
2005,79,11,0,23,0
2005,79,35,5,15,0
2005,79,23,20,8,0
2005,79,18,0,22,0
2005,79,13,7,12,0
2005,79,15,27,5,0
2005,79,8,37,2,3
2005,79,32,4,19,0
2005,79,31,16,11,0
2005,79,17,22,7,0
2005,79,14,17,10,0
2005,79,4,59,1,4
2005,79,22,29,4,0
2005,79,21,17,9,1
2005,79,24,1,21,0
2005,79,41,0,24,0
1956,791,347,0,65,0
1956,791,532,0,72,0
1956,791,806,0,31,0
1956,791,476,0,77,0
1956,791,610,0,71,0
1956,791,641,0,64,0
1956,791,583,1.5,25,0
1956,791,640,0,34,0
1956,791,639,0,53,0
1956,791,638,0,52,0
1956,791,541,4,13,0
1956,791,356,0,79,0
1956,791,585,0,75,0
1956,791,637,0,74,0
1956,791,620,0,57,0
1956,791,506,0,61,0
1956,791,456,0,41,0
1956,791,636,0,59,0
1956,791,619,0,42,0
1956,791,486,5,10,0
1956,791,635,0,66,0
1956,791,606,3,15,0
1956,791,609,0,38,0
1956,791,580,6,9,0
1956,791,634,0,58,0
1956,791,429,0,28,0
1956,791,633,2,20,0
1956,791,632,6,7,0
1956,791,555,1,27,0
1956,791,512,0,85,0
1956,791,526,0,84,0
1956,791,533,0,83,0
1956,791,561,0,82,0
1956,791,538,0,81,0
1956,791,612,0,80,0
1956,791,631,0,78,0
1956,791,562,0,76,0
1956,791,556,0,73,0
1956,791,596,0,70,0
1956,791,529,0,69,0
1956,791,594,0,68,0
1956,791,509,0,67,0
1956,791,525,0,51,0
1956,791,597,0,50,0
1956,791,630,0,49,0
1956,791,595,0,48,0
1956,791,513,0,47,0
1956,791,558,0,46,0
1956,791,516,0,45,0
1956,791,615,0,44,0
1956,791,520,0,43,0
1956,791,629,0,40,0
1956,791,592,0,39,0
1956,791,449,0,36,0
1956,791,514,0,35,0
1956,791,628,0,32,0
1956,791,537,2,24,0
1956,791,593,3,18,0
1956,791,528,4,14,0
1956,791,611,6,8,0
1956,791,559,8,5,1
1956,791,589,0,63,0
1956,791,479,0,62,0
1956,791,483,0,60,0
1956,791,501,3,17,0
1956,791,427,0,54,0
1956,791,627,2,19,0
1956,791,626,0,37,0
1956,791,547,2,22,0
1956,791,607,3,16,0
1956,791,625,0,30,0
1956,791,624,2,21,0
1956,791,579,30,1,3
1956,791,498,0,56,0
1956,791,608,7.5,6,0
1956,791,496,0,55,0
1956,791,586,0,29,0
1956,791,581,25,3,2
1956,791,475,27,2,2
1956,791,623,0,33,0
1956,791,482,2,23,0
1956,791,622,1.5,26,0
1956,791,578,4,12,0
1956,791,554,22,4,0
1956,791,577,4,11,1
1955,798,586,0,74,0
1955,798,668,0,65,0
1955,798,667,0,40,0
1955,798,620,1.33,21,0
1955,798,486,0,76,0
1955,798,665,0,69,0
1955,798,666,0,66,0
1955,798,456,0,60,0
1955,798,581,0,55,0
1955,798,664,0,53,0
1955,798,356,0,50,0
1955,798,663,0,38,0
1955,798,662,0,33,0
1955,798,661,0,58,0
1955,798,547,0,51,0
1955,798,624,0,34,0
1955,798,660,0,42,0
1955,798,632,3,15,0
1955,798,592,0,84,0
1955,798,615,0,83,0
1955,798,659,0,82,0
1955,798,596,0,81,0
1955,798,533,0,80,0
1955,798,449,0,79,0
1955,798,558,0,78,0
1955,798,658,0,77,0
1955,798,657,1,25,0
1955,798,525,0,75,0
1955,798,561,0,73,0
1955,798,532,0,71,0
1955,798,593,0,70,0
1955,798,631,0,67,0
1955,798,611,0,64,0
1955,798,523,0,63,0
1955,798,656,0,62,0
1955,798,655,0,59,0
1955,798,528,0,57,0
1955,798,509,0,46,0
1955,798,513,0,45,0
1955,798,563,0,44,0
1955,798,518,0,43,0
1955,798,559,0,41,0
1955,798,556,0,39,0
1955,798,597,0,36,0
1955,798,538,0,32,0
1955,798,612,0,29,0
1955,798,654,1,23,0
1955,798,512,3,16,0
1955,798,653,4,12,0
1955,798,529,3,13,0
1955,798,628,8,7,1
1955,798,652,0,72,0
1955,798,651,0,35,0
1955,798,627,0,37,0
1955,798,578,0,27,0
1955,798,609,0,61,0
1955,798,626,0,52,0
1955,798,607,2,18,0
1955,798,641,9,6,0
1955,798,650,0,30,0
1955,798,589,0,28,0
1955,798,496,2,19,0
1955,798,649,0,68,0
1955,798,633,2,20,0
1955,798,648,5,11,0
1955,798,554,6,9,0
1955,798,625,0,54,0
1955,798,647,0,49,0
1955,798,623,0,56,0
1955,798,475,23,2,1
1955,798,608,12,3,0
1955,798,427,11.33,4,1
1955,798,646,0,48,0
1955,798,645,0,47,0
1955,798,644,0,31,0
1955,798,577,6,10,0
1955,798,501,0,26,0
1955,798,643,7,8,0
1955,798,478,1,22,0
1955,798,642,10.33,5,0
1955,798,498,2,17,0
1955,798,579,40,1,4
1955,798,555,3,14,0
1955,798,519,1,24,0
1954,807,638,0,68,0
1954,807,541,0,80,0
1954,807,805,0,92,0
1954,807,559,0,89,0
1954,807,513,0,83,0
1954,807,730,0,64,0
1954,807,702,0,62,0
1954,807,799,0,59,0
1954,807,613,0,56,0
1954,807,654,0,50,0
1954,807,653,0,44,0
1954,807,580,0,31,0
1954,807,694,0,81,0
1954,807,693,0,29,0
1954,807,692,0,72,0
1954,807,691,0,69,0
1954,807,641,0,32,0
1954,807,690,0,96,0
1954,807,689,0,94,0
1954,807,688,0,91,0
1954,807,687,0,90,0
1954,807,581,0,34,0
1954,807,645,0,70,0
1954,807,686,0,86,0
1954,807,685,0,84,0
1954,807,684,0,76,0
1954,807,547,0,58,0
1954,807,683,0,55,0
1954,807,665,0,53,0
1954,807,682,0,48,0
1954,807,619,0,41,0
1954,807,647,1,25,0
1954,807,650,0,71,0
1954,807,578,24.64,3,1
1954,807,681,0,77,0
1954,807,651,0,75,0
1954,807,456,0,74,0
1954,807,478,8,7,0
1954,807,663,0,27,0
1954,807,633,2,20,0
1954,807,626,4,14,0
1954,807,648,12,5,0
1954,807,680,0,37,0
1954,807,554,0,28,0
1954,807,632,0,67,0
1954,807,644,4,16,0
1954,807,429,2,19,0
1954,807,475,4,15,0
1954,807,519,0,97,0
1954,807,593,0,47,0
1954,807,678,0,95,0
1954,807,677,0,93,0
1954,807,529,0,57,0
1954,807,509,0,79,0
1954,807,556,0,87,0
1954,807,659,0,38,0
1954,807,612,0,46,0
1954,807,512,0,88,0
1954,807,520,0,66,0
1954,807,449,0,85,0
1954,807,597,0,82,0
1954,807,611,0,45,0
1954,807,676,0,65,0
1954,807,596,0,63,0
1954,807,592,0,61,0
1954,807,679,0,60,0
1954,807,518,1.5,23,0
1954,807,628,0,54,0
1954,807,675,0,52,0
1954,807,521,0,51,0
1954,807,655,0,42,0
1954,807,674,0,40,0
1954,807,555,0,39,0
1954,807,615,0,30,0
1954,807,673,2,22,0
1954,807,658,5,12,0
1954,807,525,6,10,0
1954,807,657,8,6,1
1954,807,496,0,78,0
1954,807,627,0,33,0
1954,807,671,0,73,0
1954,807,643,6,11,0
1954,807,670,4.14,13,0
1954,807,620,2,18,0
1954,807,640,0,36,0
1954,807,501,0,26,0
1954,807,427,17,4,0
1954,807,498,25.14,2,1
1954,807,642,6,8,0
1954,807,579,42,1,6
1954,807,625,2,21,0
1954,807,528,0,35,0
1954,807,526,1.5,24,0
1954,807,577,6,9,0
1954,807,672,0,43,0
1954,807,669,3,17,0
1954,807,656,0,49,0
1953,816,577,0,32,0
1953,816,797,0,86,0
1953,816,804,0,70,0
1953,816,630,0,66,0
1953,816,513,0,30,0
1953,816,667,0,104,0
1953,816,722,0,97,0
1953,816,620,0,36,0
1953,816,644,0,31,0
1953,816,721,0,80,0
1953,816,622,0,71,0
1953,816,719,0,43,0
1953,816,720,0,35,0
1953,816,691,2,16,0
1953,816,718,0,108,0
1953,816,717,0,60,0
1953,816,716,0,107,0
1953,816,715,0,105,0
1953,816,714,0,103,0
1953,816,713,0,101,0
1953,816,712,0,95,0
1953,816,711,0,93,0
1953,816,431,0,88,0
1953,816,455,0,67,0
1953,816,709,0,64,0
1953,816,710,0,62,0
1953,816,692,0,55,0
1953,816,690,0,51,0
1953,816,478,0,42,0
1953,816,680,0,29,0
1953,816,705,0,100,0
1953,816,708,0,98,0
1953,816,707,0,94,0
1953,816,486,0,79,0
1953,816,666,0,74,0
1953,816,706,0,73,0
1953,816,687,0,45,0
1953,816,625,0,83,0
1953,816,669,0,27,0
1953,816,589,0,46,0
1953,816,704,0,59,0
1953,816,619,0,49,0
1953,816,703,0,89,0
1953,816,681,0,85,0
1953,816,429,0,52,0
1953,816,632,0,47,0
1953,816,693,0,44,0
1953,816,670,4,11,0
1953,816,651,0,75,0
1953,816,456,0,81,0
1953,816,663,0,26,0
1953,816,643,0,22,0
1953,816,660,0,53,0
1953,816,501,0,24,0
1953,816,664,0,57,0
1953,816,475,0,20,0
1953,816,581,0,33,0
1953,816,627,0,25,0
1953,816,640,7,8,0
1953,816,612,0,65,0
1953,816,512,0,84,0
1953,816,702,0,54,0
1953,816,655,0,106,0
1953,816,521,0,39,0
1953,816,520,0,40,0
1953,816,528,0,102,0
1953,816,593,0,99,0
1953,816,555,1.5,18,0
1953,816,518,2,13,0
1953,816,659,0,96,0
1953,816,559,0,92,0
1953,816,673,0,91,0
1953,816,628,0,90,0
1953,816,677,0,87,0
1953,816,613,0,82,0
1953,816,654,0,69,0
1953,816,449,0,68,0
1953,816,701,0,63,0
1953,816,525,0,61,0
1953,816,675,0,58,0
1953,816,700,0,56,0
1953,816,699,0,50,0
1953,816,653,0,48,0
1953,816,529,0,41,0
1953,816,679,0,37,0
1953,816,509,0,28,0
1953,816,556,0,23,0
1953,816,658,2,17,0
1953,816,615,1.5,19,0
1953,816,611,2,14,0
1953,816,656,6,10,0
1953,816,657,9,7,1
1953,816,698,0,78,0
1953,816,649,0,77,0
1953,816,496,0,76,0
1953,816,642,26,3,1
1953,816,697,6.5,9,0
1953,816,579,28,2,1
1953,816,626,0,72,0
1953,816,689,0,38,0
1953,816,696,0,34,0
1953,816,427,4,12,0
1953,816,554,0,21,0
1953,816,695,2,15,0
1953,816,578,19,4,1
1953,816,498,13.5,6,0
1953,816,633,17,5,0
1953,816,647,34.5,1,5
1952,824,760,0,105,0
1952,824,761,0,94,0
1952,824,625,0,90,0
1952,824,762,0,84,0
1952,824,498,6.5,9,0
1952,824,759,0,43,0
1952,824,758,0,74,0
1952,824,622,0,36,0
1952,824,633,8,8,0
1952,824,757,0,100,0
1952,824,692,0,97,0
1952,824,697,2,19,0
1952,824,756,0,92,0
1952,824,755,0,86,0
1952,824,710,0,83,0
1952,824,715,0,81,0
1952,824,754,0,79,0
1952,824,750,0,76,0
1952,824,712,0,75,0
1952,824,709,0,55,0
1952,824,753,0,52,0
1952,824,752,0,45,0
1952,824,751,0,33,0
1952,824,749,0,87,0
1952,824,748,0,51,0
1952,824,747,0,99,0
1952,824,708,0,30,0
1952,824,705,0,71,0
1952,824,746,0,67,0
1952,824,664,0,64,0
1952,824,745,0,57,0
1952,824,744,0,42,0
1952,824,456,0,41,0
1952,824,686,0,31,0
1952,824,743,2,21,0
1952,824,742,3,14,0
1952,824,722,0,82,0
1952,824,687,0,47,0
1952,824,740,0,54,0
1952,824,704,0,49,0
1952,824,741,0,39,0
1952,824,427,2,17,0
1952,824,739,0,77,0
1952,824,738,0,62,0
1952,824,737,0,60,0
1952,824,703,0,59,0
1952,824,736,0,23,0
1952,824,660,0,37,0
1952,824,735,0,29,0
1952,824,632,2,18,0
1952,824,578,10,5,0
1952,824,612,0,104,0
1952,824,734,0,103,0
1952,824,647,36,1,6
1952,824,733,0,102,0
1952,824,702,0,101,0
1952,824,520,0,98,0
1952,824,615,0,96,0
1952,824,628,0,95,0
1952,824,699,0,93,0
1952,824,529,0,91,0
1952,824,449,0,89,0
1952,824,677,0,88,0
1952,824,732,0,72,0
1952,824,675,0,70,0
1952,824,731,0,69,0
1952,824,521,0,68,0
1952,824,657,1,22,0
1952,824,513,0,65,0
1952,824,730,0,63,0
1952,824,729,0,61,0
1952,824,728,0,58,0
1952,824,727,0,56,0
1952,824,658,0,53,0
1952,824,593,0,50,0
1952,824,629,0,44,0
1952,824,726,0,40,0
1952,824,592,0,32,0
1952,824,525,0,27,0
1952,824,656,2,20,0
1952,824,518,3,15,0
1952,824,611,4,12,0
1952,824,509,6,10,0
1952,824,526,8,7,1
1952,824,720,0,85,0
1952,824,627,0,48,0
1952,824,724,0,38,0
1952,824,717,0,80,0
1952,824,725,0,78,0
1952,824,581,0,26,0
1952,824,642,24,2,0
1952,824,626,9,6,0
1952,824,651,0,34,0
1952,824,475,0,73,0
1952,824,501,0,66,0
1952,824,609,0,25,0
1952,824,669,0,46,0
1952,824,688,0,35,0
1952,824,721,0,28,0
1952,824,640,0,24,0
1952,824,689,2,16,0
1952,824,663,3,13,0
1952,824,554,6,11,0
1952,824,723,10,4,0
1952,824,641,22,3,1
1951,832,669,0,62,0
1951,832,783,0,54,0
1951,832,580,0,39,0
1951,832,781,0,73,0
1951,832,622,0,66,0
1951,832,762,0,37,0
1951,832,780,0,68,0
1951,832,756,0,56,0
1951,832,680,0,38,0
1951,832,779,0,64,0
1951,832,747,0,60,0
1951,832,777,0,59,0
1951,832,776,0,52,0
1951,832,708,0,41,0
1951,832,619,0,40,0
1951,832,778,0,34,0
1951,832,661,0,28,0
1951,832,697,7,8,0
1951,832,670,0,70,0
1951,832,626,0,25,0
1951,832,609,0,22,0
1951,832,427,0,45,0
1951,832,775,0,51,0
1951,832,774,0,32,0
1951,832,686,5,10,0
1951,832,786,4,11,1
1951,832,773,0,29,0
1951,832,429,0,24,0
1951,832,728,0,84,0
1951,832,732,0,83,0
1951,832,772,0,82,0
1951,832,726,0,81,0
1951,832,657,0,80,0
1951,832,629,0,79,0
1951,832,449,0,78,0
1951,832,771,0,77,0
1951,832,733,0,76,0
1951,832,630,0,75,0
1951,832,526,0,74,0
1951,832,770,0,72,0
1951,832,593,0,71,0
1951,832,521,0,67,0
1951,832,769,0,63,0
1951,832,700,0,61,0
1951,832,615,0,58,0
1951,832,653,0,53,0
1951,832,654,0,50,0
1951,832,768,0,49,0
1951,832,729,0,48,0
1951,832,611,0,47,0
1951,832,534,0,46,0
1951,832,699,0,44,0
1951,832,529,0,43,0
1951,832,518,0,31,0
1951,832,767,0,27,0
1951,832,731,0,23,0
1951,832,734,2,18,0
1951,832,612,3,14,0
1951,832,658,2,15,0
1951,832,673,6,9,0
1951,832,766,9,7,1
1951,832,721,0,69,0
1951,832,498,24,3,1
1951,832,633,15,5,0
1951,832,704,2,17,0
1951,832,725,0,57,0
1951,832,765,0,55,0
1951,832,687,0,36,0
1951,832,764,0,35,0
1951,832,660,0,26,0
1951,832,501,0,42,0
1951,832,723,0,21,0
1951,832,741,0,30,0
1951,832,627,3,13,0
1951,832,475,0,33,0
1951,832,589,0,20,0
1951,832,647,25,2,2
1951,832,640,2,16,0
1951,832,763,3,12,0
1951,832,642,19,4,1
1951,832,641,10,6,0
1951,832,579,31,1,3
1951,832,782,0,65,0
1951,832,675,2,19,0
1950,839,803,0,74,0
1950,839,666,0,67,0
1950,839,788,0,40,0
1950,839,756,0,72,0
1950,839,763,0,71,0
1950,839,740,0,66,0
1950,839,765,0,65,0
1950,839,791,0,64,0
1950,839,641,0,61,0
1950,839,764,0,58,0
1950,839,802,3,13,0
1950,839,801,0,26,0
1950,839,773,0,29,0
1950,839,780,0,38,0
1950,839,800,0,32,0
1950,839,697,2,19,0
1950,839,630,0,80,0
1950,839,537,0,79,0
1950,839,529,1,21,0
1950,839,611,0,78,0
1950,839,799,0,77,0
1950,839,615,0,76,0
1950,839,798,0,75,0
1950,839,729,0,73,0
1950,839,731,0,81,0
1950,839,509,0,55,0
1950,839,797,0,54,0
1950,839,796,0,53,0
1950,839,659,0,52,0
1950,839,677,0,51,0
1950,839,771,0,50,0
1950,839,732,0,49,0
1950,839,653,0,48,0
1950,839,520,0,47,0
1950,839,526,0,46,0
1950,839,658,0,45,0
1950,839,772,0,44,0
1950,839,518,0,43,0
1950,839,559,0,39,0
1950,839,555,0,37,0
1950,839,726,0,34,0
1950,839,654,0,31,0
1950,839,766,0,27,0
1950,839,794,1,22,0
1950,839,770,3,17,0
1950,839,768,4,12,0
1950,839,701,6,7,0
1950,839,593,9,6,1
1950,839,687,4,9,0
1950,839,501,0,33,0
1950,839,762,0,59,0
1950,839,427,0,63,0
1950,839,626,3,16,0
1950,839,498,0,57,0
1950,839,633,0,25,0
1950,839,793,3,15,0
1950,839,647,11,5,0
1950,839,790,0,69,0
1950,839,661,0,68,0
1950,839,789,0,62,0
1950,839,589,4,10,0
1950,839,640,0,23,0
1950,839,785,0,35,0
1950,839,747,0,56,0
1950,839,669,5,8,0
1950,839,776,0,60,0
1950,839,579,27,2,3
1950,839,660,0,28,0
1950,839,778,0,41,0
1950,839,619,0,24,0
1950,839,627,13,4,0
1950,839,686,4,11,0
1950,839,786,24,3,0
1950,839,642,30,1,3
1950,839,787,0,30,0
1950,839,741,3,18,0
1950,839,784,0,36,0
1950,839,704,3,14,0
1950,839,792,0,70,0
1950,839,774,1,20,0
1950,839,795,0,42,0
2011,849,20,204,1,6
2011,849,1,109,4,1
2011,849,808,31,9,0
2011,849,4,112,3,1
2011,849,17,124,2,0
2011,849,18,109,5,1
2011,849,13,52,6,0
2011,849,67,8,15,0
2011,849,16,10,12,0
2011,849,814,2,17,0
2011,849,153,9,13,0
2011,849,2,34,8,0
2011,849,15,0,19,0
2011,849,816,0,21,0
2011,849,10,0,25,0
2011,849,22,4,16,0
2011,849,3,40,7,0
2011,849,5,0,22,0
2011,849,30,28,10,0
2011,849,813,0,23,0
2011,849,155,25,11,0
2011,849,24,0,20,0
2011,849,815,8,14,0
2011,849,39,0,24,0
2011,849,37,0,18,0
2011,849,817,0,26,0
2012,868,18,50,8,1
2012,868,20,100,3,1
2012,868,1,92,4,1
2012,868,17,116,2,2
2012,868,4,129,1,2
2012,868,155,21,14,0
2012,868,8,83,5,0
2012,868,815,39,9,0
2012,868,817,2,18,0
2012,868,814,27,11,0
2012,868,818,4,17,0
2012,868,3,75,6,1
2012,868,813,29,10,1
2012,868,10,0,21,0
2012,868,819,0,22,0
2012,868,811,18,15,0
2012,868,13,23,13,0
2012,868,5,0,19,0
2012,868,808,0,20,0
2012,868,30,23,12,0
2012,868,154,61,7,0
2012,868,807,17,16,0
2012,868,37,0,24,0
2012,868,39,0,23,0
2013,888,8,116,3,1
2013,888,4,123,2,2
2013,888,20,157,1,4
2013,888,13,57,7,0
2013,888,1,99,4,0
2013,888,17,93,5,0
2013,888,16,23,11,0
2013,888,814,36,9,0
2013,888,18,33,10,0
2013,888,154,41,8,0
2013,888,815,16,12,0
2013,888,818,13,13,0
2013,888,821,0,18,0
2013,888,822,0,17,0
2013,888,824,0,19,0
2013,888,819,0,20,0
2013,888,820,0,21,0
2013,888,823,0,22,0
2013,888,817,11,14,0
2013,888,3,84,6,2
2013,888,813,0,16,0
2013,888,807,7,15,0
2009,9,18,68,1,6
2009,9,22,44,4,0
2009,9,15,21.5,6,0
2009,9,10,13,8,0
2009,9,4,13,9,0
2009,9,3,20.5,7,0
2009,9,67,3,14,0
2009,9,7,2,16,0
2009,9,16,0,18,0
2009,9,2,6,12,0
2009,9,21,0,17,0
2009,9,17,45.5,3,1
2009,9,20,47,2,2
2009,9,9,2,15,0
2009,9,8,10,10,0
2009,9,13,22,5,0
2009,9,12,0,19,0
2009,9,6,0,20,0
2009,9,5,5,13,0
2009,9,1,9,11,0
2014,908,3,165,1,3
2014,908,825,35,9,0
2014,908,18,55,8,0
2014,908,4,87,4,0
2014,908,822,73,5,0
2014,908,807,63,7,0
2014,908,8,19,12,0
2014,908,818,9,13,0
2014,908,826,6,15,0
2014,908,815,28,11,0
2014,908,16,0,17,0
2014,908,821,0,20,0
2014,908,820,0,21,0
2014,908,824,2,16,0
2014,908,154,8,14,0
2014,908,813,0,19,0
2014,908,828,0,18,0
2014,908,20,70,6,0
2014,908,1,161,2,5
2014,908,13,30,10,0
2014,908,155,0,22,0
2014,908,817,98,3,1
2015,934,1,194,1,5
2015,934,3,177,2,3
2015,934,20,135,3,1
2015,934,13,74,6,0
2015,934,831,16,11,0
2015,934,817,36,7,0
2015,934,807,24,9,0
2015,934,828,5,16,0
2015,934,832,9,15,0
2015,934,815,15,12,0
2015,934,18,4,17,0
2015,934,8,76,5,0
2015,934,830,10,14,0
2015,934,154,17,10,0
2015,934,813,12,13,0
2015,934,826,27,8,0
2015,934,825,0,21,0
2015,934,822,77,4,0
2015,934,833,0,19,0
2015,934,4,1,18,0
2015,934,829,0,20,0
2016,956,3,153,1,5
2016,956,1,142,2,3
2016,956,20,96,3,0
2016,956,817,88,5,0
2016,956,13,38,9,0
2016,956,154,28,10,0
2016,956,807,20,13,0
2016,956,822,54,7,0
2016,956,832,22,12,0
2016,956,830,72,6,1
2016,956,835,0,20,0
2016,956,825,6,16,0
2016,956,815,39,8,0
2016,956,18,13,15,0
2016,956,831,0,22,0
2016,956,836,1,17,0
2016,956,828,0,21,0
2016,956,8,96,4,0
2016,956,837,0,23,0
2016,956,821,0,19,0
2016,956,4,18,14,0
2016,956,826,22,11,0
2016,956,838,1,18,0
2017,977,20,171,1,3
2017,977,1,151,2,3
2017,977,822,136,3,2
2017,977,8,83,5,0
2017,977,830,45,7,0
2017,977,13,22,10,0
2017,977,815,50,6,0
2017,977,832,29,9,0
2017,977,826,4,16,0
2017,977,839,39,8,0
2017,977,807,18,12,0
2017,977,841,0,21,0
2017,977,838,0,20,0
2017,977,4,2,17,0
2017,977,825,11,14,0
2017,977,840,18,11,0
2017,977,817,107,4,1
2017,977,828,0,19,0
2017,977,835,0,18,0
2017,977,154,18,13,0
2017,977,836,5,15,0
2017,977,18,0,22,0
2004,98,10,2,17,0
2004,98,8,8,11,0
2004,98,2,3,15,0
2004,98,17,3,16,0
2004,98,47,1,18,0
2004,98,46,0,21,0
2004,98,13,5,12,0
2004,98,45,0,20,0
2004,98,44,5,13,0
2004,98,43,3,14,0
2004,98,32,0,19,0
2004,98,21,10,9,0
2004,98,11,14,7,0
2004,98,14,9,10,0
2004,98,15,41,4,1
2004,98,18,44,3,0
2004,98,31,24,6,0
2004,98,23,12,8,0
2004,98,4,25,5,0
2004,98,22,62,2,0
2004,98,30,80,1,8
2018,997,20,146,1,3
2018,997,1,145,2,3
2018,997,8,101,3,0
2018,997,817,96,4,2
2018,997,4,36,8,0
2018,997,830,93,5,1
2018,997,807,34,9,0
2018,997,822,92,6,0
2018,997,838,8,16,0
2018,997,832,28,10,0
2018,997,815,23,11,0
2018,997,839,19,12,0
2018,997,844,13,14,0
2018,997,840,4,17,0
2018,997,843,1,19,0
2018,997,154,12,15,0
2018,997,825,37,7,0
2018,997,842,18,13,0
2018,997,828,3,18,0
2018,997,845,0,20,0
