Year,raceId,circuitId,Average top speed,Distance between 1st and 2nd,Distance between 2nd and 3rd,Overtaking number,Overtaking weight,Number of pitstops,Average length of pitstops,Average differences in finish,Crashes,# of laps
2009,1,1,214.3157895,807,797,278,1620,0,0,4,5,58
2009,2,2,201.8333333,22722,791,159,1032,0,0,3.8,4,31
2009,3,17,170.55,10970,34005,261,1583,0,0,2.6625,2,56
2009,4,3,203.7,7187,1983,201,1437,0,0,3.3,0,57
2009,5,4,199.0625,13056,868,138,764,0,0,2.5375,4,66
2009,6,6,157.2,7666,5776,129,801,0,0,3.0125,5,78
2009,7,5,216.45,6714,747,194,1234,0,0,2.0375,0,58
2009,8,9,225.6,15188,25987,161,1042,0,0,3.0375,2,60
2009,9,20,194.85,9252,6654,276,1851,0,0,3.525,0,60
2009,10,11,189.6666667,11529,5357,193,1224,0,0,4.236842105,0,70
2009,11,12,195.35,2358,13636,147,1061,0,0,4.970588235,0,57
2009,12,13,232.75,939,2936,161,975,0,0,5.25,4,44
2009,13,14,243.0526316,2866,27798,139,872,0,0,5.411764706,2,53
2009,14,15,165.9,9634,6990,135,865,0,0,4.485294118,2,61
2009,15,22,222.5789474,4877,1595,155,936,0,0,4.676470588,2,53
2009,16,18,207.7058824,7626,11318,226,1239,0,0,4.0625,4,71
2009,17,24,197.6,17857,610,149,996,0,0,2.828125,0,55
2008,18,1,213.8823529,5478,2685,176,870,0,0,3.079545455,8,58
2008,19,2,206,19570,18880,194,1272,0,0,3.272727273,3,56
2008,20,3,205.1428571,3339,1659,174,1254,0,0,2.738636364,1,57
2008,21,4,200.75,3228,959,179,983,0,0,2.920454545,6,66
2008,22,5,218.7777778,3779,492,162,1050,0,0,2.3,2,58
2008,23,6,146,3064,1747,212,1185,0,0,3.15,5,76
2008,24,7,199.6,16495,6857,249,1527,0,0,3.6,5,70
2008,25,8,203.55,17984,10266,182,1182,0,0,3.35,1,70
2008,26,9,196.9444444,68577,13696,212,1193,0,0,2.5625,7,60
2008,27,10,213.25,5586,3753,211,1454,0,0,3.1,1,67
2008,28,11,191.2,11061,5795,158,1196,0,0,4.2875,0,70
2008,29,12,194.9473684,5611,31742,126,841,0,0,3.825,2,57
2008,30,13,229.1,9383,1156,155,1124,0,0,4.3,2,44
2008,31,14,229.25,12512,7959,239,1556,0,0,3.7625,1,53
2008,32,15,169.1,2957,2960,259,1566,0,0,5.5375,3,61
2008,33,16,205.4210526,5283,1117,203,1334,0,0,3.875,1,67
2008,34,17,197.1,14925,1520,190,1160,0,0,2.8625,1,56
2008,35,18,207.3333333,13298,2937,205,1285,0,0,3.6125,2,71
2007,36,1,217.2727273,7242,11353,169,1079,0,0,2.75,3,58
2007,37,2,202.6190476,17557,782,198,1286,0,0,2.522727273,1,56
2007,38,3,203.7,2360,8479,180,1147,0,0,2.329545455,2,57
2007,39,4,198.5714286,6790,10666,158,939,0,0,3.818181818,1,65
2007,40,6,155.8095238,4095,65019,104,656,0,0,2.886363636,2,78
2007,41,7,200.7619048,4343,982,321,1829,0,0,3.431818182,5,70
2007,42,19,202.5789474,1500,11300,187,1142,0,0,3.806818182,4,73
2007,43,8,205.3684211,2414,29739,128,797,0,0,2.840909091,3,70
2007,44,9,222.8636364,2459,36914,185,1145,0,0,2.465909091,1,59
2007,45,20,175.7272727,8155,57519,278,1673,0,0,3.321428571,6,60
2007,46,11,193.0454545,715,42414,156,1039,0,0,2.523809524,2,70
2007,47,5,215.2272727,2275,23906,192,1328,0,0,2.857142857,0,58
2007,48,14,246.3809524,6062,21263,153,1056,0,0,3.119047619,1,53
2007,49,13,228.7142857,4695,9648,153,984,0,0,3.345238095,0,44
2007,50,16,179.0909091,8377,1101,352,2290,0,0,4.178571429,5,67
2007,51,17,194.4090909,9806,3085,222,1405,0,0,4.023809524,3,56
2007,52,18,203.0454545,1493,55526,187,1144,0,0,2.875,3,71
2006,53,3,207.2857143,1246,18114,205,1380,0,0,3.215909091,0,57
2006,54,2,205.2857143,4585,5046,163,998,0,0,3.397727273,1,56
2006,55,1,214.2631579,1800,23000,173,1057,0,0,3.784090909,6,57
2006,56,21,206.4761905,2096,13772,138,952,0,0,2.090909091,2,62
2006,57,20,193.3333333,3751,696,178,1130,0,0,3.034090909,2,60
2006,58,4,212.3636364,18502,5449,138,921,0,0,2.056818182,2,66
2006,59,6,155.5,14567,37731,187,1127,0,0,3.579545455,2,78
2006,60,9,221.1052632,13951,4721,123,793,0,0,2.375,3,60
2006,61,7,197.65,2100,6700,138,798,0,0,2.818181818,5,70
2006,62,19,193.3333333,7984,8611,105,472,0,0,3.136363636,10,73
2006,63,8,201.6666667,10100,12400,148,984,0,0,2.714285714,0,70
2006,64,10,211.55,700,12500,171,981,0,0,2.8,2,67
2006,65,11,176.8,30837,12985,195,1152,0,0,4.855263158,5,70
2006,66,5,213.75,5575,81,196,1122,0,0,2.644736842,5,58
2006,67,14,247.1363636,8046,18368,163,1133,0,0,2.894736842,0,53
2006,68,17,194.6363636,3121,41076,212,1386,0,0,2.75,2,56
2006,69,22,221.3181818,16151,7802,181,1218,0,0,3.041666667,1,53
2006,70,18,209.5,18658,736,188,1121,0,0,3.694444444,3,71
2005,71,1,217.95,5553,1159,145,979,0,0,3.5875,2,57
2005,72,2,203.5,24327,7861,133,790,0,0,3.35,4,56
2005,73,3,207.4736842,13409,18654,181,1035,0,0,3.3,0,57
2005,74,21,210.45,215,27339,99,597,0,0,2.8625,1,62
2005,75,4,214.6666667,27652,18295,120,639,0,0,2.166666667,2,66
2005,76,6,154.1111111,13877,4607,92,470,0,0,2.763888889,3,78
2005,77,20,200.4736842,16567,1982,181,1230,0,0,4.0625,3,59
2005,78,7,206.2,1100,39300,183,1082,0,0,3.1625,1,70
2005,79,19,206.3333333,1500,195517,72,160,0,0,4.25,0,73
2005,80,8,202.5789474,11800,70100,137,830,0,0,3.2625,0,70
2005,81,9,222.95,2700,11700,102,727,0,0,3.9,0,60
2005,82,10,214.35,22569,1853,162,1082,0,0,5.302631579,0,67
2005,83,11,189.8888889,35581,548,131,803,0,0,3.631578947,3,70
2005,84,5,220.7,18609,1026,174,1051,0,0,4.881578947,0,58
2005,85,14,249.45,2479,15496,158,1099,0,0,4.944444444,0,53
2005,86,13,216,28300,3700,205,1149,0,0,4.388888889,6,44
2005,87,18,209.5555556,2527,22313,117,711,0,0,4.472222222,2,71
2005,88,22,222.0526316,1633,15823,176,1227,0,0,3.819444444,3,53
2005,89,17,206.15,4000,21300,169,944,0,0,4.375,2,56
2004,90,1,219.5,13605,21068,140,813,0,0,2.0625,0,58
2004,91,2,206.35,5022,6546,218,1411,0,0,3.275,1,56
2004,92,3,211.2,1367,25320,244,1582,0,0,2.3625,0,57
2004,93,21,213.8,9702,11915,169,1057,0,0,2.15,1,62
2004,94,4,210.45,13290,19004,205,1313,0,0,1.425,2,66
2004,95,6,154.3157895,497,75269,131,654,0,0,3.3375,5,77
2004,96,20,201.1111111,17989,4544,201,1182,0,0,3.025,2,60
2004,97,7,208,5108,15301,168,1079,0,0,3.7,1,70
2004,98,19,210.0625,2950,19086,157,755,0,0,2.5375,4,73
2004,99,8,206.4,8329,23293,181,1228,0,0,2.513157895,1,70
2004,100,9,228.35,2130,984,196,1265,0,0,2.907894737,3,60
2004,101,10,218.45,8388,7963,248,1714,0,0,3.421052632,0,66
2004,102,11,193.3,4696,39903,167,1022,0,0,2.458333333,0,70
2004,103,13,234.125,3132,1239,208,1157,0,0,3.861111111,6,44
2004,104,14,250.1578947,1347,8850,234,1472,0,0,2.333333333,4,53
2004,105,17,207.7,1035,434,222,1454,0,0,2.638888889,2,56
2004,106,22,220.2,14098,5564,205,1325,0,0,2.710526316,3,53
2004,107,18,211.35,1022,23077,287,1877,0,0,3.25,1,71
2003,108,1,,8675,517,289,1661,0,0,2.7375,3,58
2003,109,2,,39286,24721,158,909,0,0,3.1625,1,56
2003,110,18,,945,5403,218,1125,0,0,2.775,8,54
2003,111,21,,1882,409,182,1213,0,0,2.2875,0,62
2003,112,4,,5700,12300,201,1056,0,0,3.425,3,65
2003,113,70,,3362,589,200,1096,0,0,3,0,69
2003,114,6,,602,1118,114,748,0,0,1.8,2,78
2003,115,7,,784,571,185,1039,0,0,2.85,1,70
2003,116,20,,16821,22852,187,1196,0,0,3.9375,1,60
2003,117,8,,13813,5755,174,1014,0,0,3.2,0,70
2003,118,9,,5462,5194,350,2230,0,0,3.1,0,60
2003,119,10,,65459,3601,124,677,0,0,3.578947368,6,67
2003,120,11,,16768,17769,227,1435,0,0,2.486111111,0,70
2003,121,14,,5294,6541,136,762,0,0,2.455882353,0,53
2003,122,19,,18258,19706,276,1850,0,0,3.815789474,5,73
2003,123,22,,11085,529,258,1659,0,0,4.361111111,0,53
2002,124,1,,18628,6439,142,651,0,0,3.875,10,58
2002,125,2,,39700,22095,225,1359,0,0,4,0,56
2002,126,18,,588,58521,185,1092,0,0,3.75,2,71
2002,127,21,,17907,1848,108,565,0,0,1.840909091,0,62
2002,128,4,,35630,6993,149,776,0,0,3.602272727,2,65
2002,129,70,,182,17548,186,1012,0,0,2.318181818,3,71
2002,130,6,,1050,66400,170,904,0,0,3.352272727,7,78
2002,131,7,,1132,5950,168,1007,0,0,3.397727273,1,70
2002,132,20,,294,46141,163,963,0,0,3.863636364,3,60
2002,133,9,,14578,17083,205,1118,0,0,3.535714286,1,60
2002,134,8,,1104,30871,134,801,0,0,2.681818182,2,72
2002,135,10,,10503,3963,165,868,0,0,2.345238095,2,67
2002,136,11,,434,12922,109,644,0,0,3.184210526,2,77
2002,137,13,,1977,16468,155,823,0,0,3.618421053,1,44
2002,138,14,,255,52324,167,941,0,0,3.9625,2,53
2002,139,19,,11,7788,140,833,0,0,3.4,0,73
2002,140,22,,506,22786,138,685,0,0,3,3,53
2001,141,1,,1717,31774,161,895,0,0,3.5,3,58
2001,142,2,,23660,4895,222,1293,0,0,4.170454545,4,55
2001,143,18,,16164,129109,222,1258,0,0,3.772727273,6,71
2001,144,21,,4352,30414,133,727,0,0,3.340909091,0,62
2001,145,4,,40738,8888,175,1066,0,0,3.625,2,65
2001,146,70,,2190,337,152,890,0,0,3.034090909,0,71
2001,147,6,,431,30267,143,751,0,0,3.931818182,3,78
2001,148,7,,20235,20437,151,699,0,0,4.613636364,5,69
2001,149,20,,4127,20866,146,859,0,0,2.954545455,2,67
2001,150,8,,10399,5982,168,1094,0,0,3.090909091,0,72
2001,151,9,,33646,25635,133,780,0,0,3.102272727,2,60
2001,152,10,,46117,16689,179,907,0,0,5.215909091,4,45
2001,153,11,,3363,577,114,705,0,0,1.625,5,77
2001,154,13,,10098,17644,152,802,0,0,3.397727273,5,36
2001,155,14,,5175,12160,151,887,0,0,3.6125,2,53
2001,156,19,,11046,997,167,1107,0,0,4.475,1,73
2001,157,22,,3154,20108,180,1209,0,0,2.85,2,53
2000,158,1,,11415,8594,172,957,0,0,3.556818182,1,58
2000,159,18,,39898,2370,119,653,0,0,3.215909091,1,71
2000,160,21,,1168,49840,148,813,0,0,3.363636364,2,62
2000,161,9,,1477,18440,250,1526,0,0,4.340909091,1,60
2000,162,4,,16066,13046,144,816,0,0,3.284090909,3,65
2000,163,20,,13822,150336,233,1382,0,0,3.988095238,7,67
2000,164,6,,15889,2633,117,530,0,0,3.102272727,7,78
2000,165,7,,174,15191,192,1154,0,0,3.636363636,4,69
2000,166,8,,14748,17661,165,979,0,0,2.75,3,72
2000,167,70,,12535,18260,188,1020,0,0,4.392857143,5,71
2000,168,10,,7452,13716,276,1616,0,0,2.977272727,6,45
2000,169,11,,7917,538,130,805,0,0,1.806818182,0,77
2000,170,13,,1104,36992,210,1362,0,0,3.102272727,1,44
2000,171,14,,3810,48622,146,677,0,0,4.977272727,9,53
2000,172,19,,12118,5250,321,1984,0,0,4.25,2,73
2000,173,22,,1837,68077,157,957,0,0,3.193181818,2,53
2000,174,2,,732,17712,193,1153,0,0,2.988636364,3,56
1999,175,1,,1027,5985,235,1183,0,0,3.107142857,5,57
1999,176,18,,4925,190812,183,989,0,0,2.9875,3,72
1999,177,21,,4265,124136,152,782,0,0,4.880952381,7,62
1999,178,6,,30476,7007,83,386,0,0,2.642857143,4,78
1999,179,4,,6238,4607,141,845,0,0,2.583333333,1,65
1999,180,7,,782,1015,155,752,0,0,3.630952381,6,69
1999,181,8,,11092,32340,188,1079,0,0,3.761904762,5,72
1999,182,9,,1829,25582,187,1144,0,0,2.44047619,0,60
1999,183,70,,313,21969,225,1335,0,0,3.619047619,2,71
1999,184,10,,1007,4188,147,778,0,0,3.94047619,3,45
1999,185,11,,9706,17522,134,802,0,0,2.654761905,1,77
1999,186,13,,10469,22964,126,787,0,0,3.119047619,1,44
1999,187,14,,3272,8660,106,582,0,0,3.69047619,6,53
1999,188,20,,22619,247,216,1193,0,0,4.654761905,6,66
1999,189,2,,1040,8703,149,796,0,0,3.55952381,4,56
1999,190,22,,5015,90673,142,843,0,0,2.44047619,0,53
1998,191,1,,702,152482,101,489,0,0,2.886363636,4,58
1998,192,18,,1102,59448,123,662,0,0,1.534090909,2,72
1998,193,25,,22898,34847,130,828,0,0,3.318181818,3,72
1998,194,21,,4554,47221,117,589,0,0,3.352272727,2,62
1998,195,4,,9439,37656,151,853,0,0,3.023809524,2,65
1998,196,6,,11475,29903,111,562,0,0,3.681818182,3,78
1998,197,7,,16662,43397,190,946,0,0,3.352272727,6,69
1998,198,8,,19575,172,166,1085,0,0,2.738636364,1,71
1998,199,9,,22465,6734,180,993,0,0,2.613636364,10,60
1998,200,70,,5289,33803,184,986,0,0,3.284090909,6,71
1998,201,10,,426,2151,101,620,0,0,3.797619048,0,45
1998,202,11,,9433,35011,125,678,0,0,3.94047619,0,77
1998,203,13,,932,6308,117,547,0,0,5.193181818,12,44
1998,204,14,,37977,3175,150,882,0,0,4.295454545,3,53
1998,205,20,,2211,31952,133,830,0,0,2.431818182,0,67
1998,206,22,,6491,21171,131,720,0,0,3.056818182,3,51
1997,207,1,,20046,2131,124,658,0,0,4.261363636,5,58
1997,208,18,,4190,11680,201,1250,0,0,3.852272727,1,72
1997,209,25,,979,11110,261,1438,0,0,3.829545455,5,72
1997,210,21,,1237,77106,117,614,0,0,3.75,4,62
1997,211,6,,53306,28802,147,794,0,0,4.534090909,12,62
1997,212,4,,5804,6730,258,1709,0,0,3.352272727,0,64
1997,213,7,,2565,654,174,907,0,0,4.147727273,6,54
1997,214,8,,23537,51264,127,725,0,0,2.727272727,6,72
1997,215,9,,10205,1091,226,1390,0,0,4.965909091,2,59
1997,216,10,,17527,7243,138,749,0,0,5.011363636,5,45
1997,217,11,,9079,11366,225,1318,0,0,5.386363636,3,77
1997,218,13,,26753,5394,258,1623,0,0,4.943181818,4,44
1997,219,14,,1937,2406,119,763,0,0,3.431818182,3,53
1997,220,70,,2909,1053,185,1232,0,0,4.784090909,3,71
1997,221,20,,11770,1710,175,939,0,0,4.022727273,4,67
1997,222,22,,1378,25006,169,1077,0,0,3.068181818,2,53
1997,223,26,,1654,149,205,1358,0,0,4.465909091,2,69
1996,224,1,,38020,24551,109,545,0,0,3.125,3,58
1996,225,18,,17982,191635,211,1131,0,0,3.571428571,7,71
1996,226,25,,12167,2587,208,1170,0,0,3.035714286,6,72
1996,227,20,,762,32072,163,961,0,0,3.227272727,2,67
1996,228,21,,16460,30431,210,1254,0,0,3.568181818,2,63
1996,229,6,,4828,32675,125,591,0,0,3.181818182,13,75
1996,230,4,,45302,3086,79,374,0,0,2.590909091,10,65
1996,231,7,,4183,50473,146,772,0,0,2.511363636,4,69
1996,232,8,,8127,38315,116,676,0,0,2.193181818,0,72
1996,233,9,,19026,31804,132,721,0,0,3.352272727,0,61
1996,234,10,,11452,22474,107,567,0,0,2.434210526,2,45
1996,235,11,,771,83441,125,667,0,0,3.065789474,5,77
1996,236,13,,5602,10108,118,627,0,0,3.355263158,5,44
1996,237,14,,18265,48370,130,679,0,0,4.118421053,6,53
1996,238,27,,19966,33799,161,1093,0,0,2.960526316,3,70
1996,239,22,,1883,1329,143,788,0,0,3.131578947,3,52
1995,240,18,,11060,190157,0,0,0,0,3.855769231,4,71
1995,241,25,,6407,26969,0,0,0,0,2.807692308,9,72
1995,242,21,,18510,24606,0,0,0,0,2.971153846,3,63
1995,243,4,,51988,13249,0,0,0,0,3.682692308,1,65
1995,244,6,,34817,36630,0,0,0,0,3.625,5,78
1995,245,7,,31687,1583,0,0,0,0,4.541666667,6,68
1995,246,8,,31309,31517,0,0,0,0,2.583333333,4,72
1995,247,9,,16479,7409,0,0,0,0,4.586956522,7,61
1995,248,10,,5988,62109,0,0,0,0,3.636363636,1,45
1995,249,11,,33398,161347,0,0,0,0,3.452380952,2,77
1995,250,13,,19493,5505,0,0,0,0,4.892857143,5,44
1995,251,14,,17779,6542,0,0,0,0,6.047619048,8,53
1995,252,27,,7248,14873,0,0,0,0,3.845238095,2,71
1995,253,20,,2684,32698,0,0,0,0,3.475,5,67
1995,254,28,,14920,33413,0,0,0,0,3.079545455,2,83
1995,255,22,,19337,64467,0,0,0,0,4.695652174,8,53
1995,256,29,,164065,104670,0,0,0,0,5.304347826,8,81
1994,257,18,,156749,188895,0,0,0,0,4.866071429,9,71
1994,258,28,,75300,128745,0,0,0,0,4.723214286,7,83
1994,259,21,,54942,15737,0,0,0,0,3.258928571,8,58
1994,260,6,,37278,39546,0,0,0,0,5.163461538,5,78
1994,261,4,,24166,62803,0,0,0,0,4.851851852,4,65
1994,262,7,,39660,33678,0,0,0,0,5.046296296,4,69
1994,263,8,,12642,40123,0,0,0,0,4.4375,6,72
1994,264,9,,68128,32531,0,0,0,0,5.1875,0,60
1994,265,10,,54779,10642,0,0,0,0,4.535714286,11,45
1994,266,11,,20827,49502,0,0,0,0,6.046296296,7,77
1994,267,13,,51381,19072,0,0,0,0,6.75,3,44
1994,268,14,,4930,20710,0,0,0,0,3.287037037,7,53
1994,269,27,,603,19590,0,0,0,0,5.894230769,4,71
1994,270,26,,24689,44959,0,0,0,0,4.778846154,2,69
1994,271,22,,3365,48680,0,0,0,0,5.6875,9,50
1994,272,29,,2511,49976,0,0,0,0,4.434782609,5,81
1993,273,30,,79824,106833,0,0,0,0,3.19,11,72
1993,274,18,,16625,28811,0,0,0,0,4.33,8,71
1993,275,31,,83199,147574,0,0,0,0,3.826923077,6,76
1993,276,21,,32410,100374,0,0,0,0,3.788461538,6,61
1993,277,4,,16873,10252,0,0,0,0,3.711538462,2,65
1993,278,6,,52118,11244,0,0,0,0,3.788461538,4,78
1993,279,7,,14527,38158,0,0,0,0,4.567307692,2,69
1993,280,8,,342,20867,0,0,0,0,3.913461538,2,72
1993,281,9,,7660,69822,0,0,0,0,3.26,3,59
1993,282,10,,16664,42685,0,0,0,0,3.32,4,45
1993,283,11,,71915,6127,0,0,0,0,5.63,6,77
1993,284,13,,3668,11320,0,0,0,0,2.91,4,44
1993,285,14,,40012,155372,0,0,0,0,5.967391304,9,53
1993,286,27,,982,7224,0,0,0,0,4.465909091,8,71
1993,287,22,,11435,14694,0,0,0,0,2.708333333,7,53
1993,288,29,,9259,24643,0,0,0,0,4.722222222,5,79
1992,289,30,,24360,10315,0,0,0,0,3.435185185,0,72
1992,290,32,,12971,8458,0,0,0,0,3.574074074,5,69
1992,291,18,,29330,157298,0,0,0,0,3.537037037,3,71
1992,292,4,,23914,2548,0,0,0,0,3.535714286,12,65
1992,293,21,,9451,39533,0,0,0,0,4.008928571,6,60
1992,294,6,,215,31628,0,0,0,0,3.598214286,4,78
1992,295,7,,12401,54926,0,0,0,0,4.901785714,2,69
1992,296,8,,46447,26132,0,0,0,0,3.544642857,8,69
1992,297,9,,39094,9301,0,0,0,0,3.888888889,1,59
1992,298,10,,4500,29962,0,0,0,0,3.861111111,3,45
1992,299,11,,40139,10643,0,0,0,0,3.87037037,12,77
1992,300,13,,36595,7302,0,0,0,0,3.461538462,4,44
1992,301,14,,17050,7323,0,0,0,0,3.259615385,1,53
1992,302,27,,37533,155348,0,0,0,0,3.697916667,4,71
1992,303,22,,13729,61774,0,0,0,0,4.943181818,3,53
1992,304,29,,741,53415,0,0,0,0,4.579545455,5,81
1991,305,33,,16322,61054,0,0,0,0,4.279411765,2,81
1991,306,18,,2991,2425,0,0,0,0,3.051470588,2,71
1991,307,21,,1675,131362,0,0,0,0,5.838235294,6,61
1991,308,6,,18348,29107,0,0,0,0,3.264705882,4,78
1991,309,7,,31832,10385,0,0,0,0,3.330882353,2,69
1991,310,32,,1336,56020,0,0,0,0,3.808823529,2,67
1991,311,8,,5003,29931,0,0,0,0,3.536764706,5,72
1991,312,9,,42293,17857,0,0,0,0,2.926470588,5,59
1991,313,10,,13779,3839,0,0,0,0,3.625,2,45
1991,314,11,,4599,10995,0,0,0,0,3.595588235,0,77
1991,315,13,,1901,30275,0,0,0,0,5.037878788,1,44
1991,316,14,,16262,567,0,0,0,0,4.598484848,3,53
1991,317,27,,20941,32613,0,0,0,0,4.696969697,1,71
1991,318,4,,11331,4578,0,0,0,0,3.741935484,5,65
1991,319,22,,344,56387,0,0,0,0,4.848214286,6,53
1991,320,29,,1259,3861,0,0,0,0,5.026785714,6,14
1990,321,33,,8685,45395,0,0,0,0,4.257142857,2,72
1990,322,18,,13564,24158,0,0,0,0,3.2,4,71
1990,323,21,,5117,1123,0,0,0,0,3.885714286,4,61
1990,324,6,,1087,986,0,0,0,0,2.642857143,3,78
1990,325,7,,10497,2888,0,0,0,0,2.871428571,7,70
1990,326,32,,25351,179,0,0,0,0,3.814285714,2,69
1990,327,34,,8626,2980,0,0,0,0,4.428571429,0,80
1990,328,9,,39092,3996,0,0,0,0,3.75,1,64
1990,329,10,,6520,2033,0,0,0,0,2.542857143,3,45
1990,330,11,,288,27605,0,0,0,0,5.678571429,5,77
1990,331,13,,3550,24912,0,0,0,0,3.515151515,2,44
1990,332,14,,6054,1350,0,0,0,0,3.545454545,3,53
1990,333,27,,2808,1381,0,0,0,0,3.484848485,4,61
1990,334,26,,22064,12810,0,0,0,0,4.651515152,7,73
1990,335,22,,7223,15246,0,0,0,0,5.129310345,6,53
1990,336,29,,3129,34130,0,0,0,0,4.163793103,3,81
2010,337,3,185.826087,16099,7083,134,803,0,0,2.645833333,1,49
2010,338,1,203.3,12034,2454,218,1306,0,0,3.104166667,4,58
2010,339,2,198.3913043,4849,8655,168,1016,0,0,3.8125,1,56
2010,340,17,186.05,1530,7954,259,1609,0,0,2.416666667,3,56
2010,341,4,193.0909091,24065,27273,104,640,0,0,3.1875,2,66
2010,342,6,152.0434783,448,1227,166,1035,0,0,2.708333333,2,78
2010,343,5,210.75,2645,21640,138,959,0,0,2.010416667,1,58
2010,344,7,196.6086957,2254,6960,309,2162,0,0,2.041666667,1,70
2010,345,12,193,5042,7616,152,1007,0,0,3.291666667,2,57
2010,346,9,224.0416667,1360,19947,225,1534,0,0,3.467391304,1,52
2010,347,10,207.9565217,4196,925,127,890,0,0,2.739130435,2,67
2010,348,11,183.9130435,17821,1431,122,746,0,0,4.597826087,1,70
2010,349,13,222.2608696,1571,1922,210,1337,0,0,3.77173913,3,44
2010,350,14,242.2727273,2938,1285,111,748,0,0,2.663043478,1,53
2010,351,15,162.7391304,293,28848,162,967,0,0,2.602272727,5,61
2010,352,22,212.5789474,905,1816,144,837,0,0,4,4,53
2010,353,35,176.0416667,14999,15869,194,1102,0,0,4.181818182,7,55
2010,354,18,204.875,4243,2564,204,1405,0,0,2.852272727,1,71
2010,355,24,193,10162,885,163,1110,0,0,2.522727273,2,55
1989,356,36,,7809,1561,0,0,0,0,4.598684211,4,61
1989,357,21,,40225,133115,0,0,0,0,3.737179487,5,58
1989,358,6,,52529,134676,0,0,0,0,4.440789474,1,77
1989,359,32,,15560,15694,0,0,0,0,3.782051282,1,69
1989,360,33,,39696,3514,0,0,0,0,3.634615385,4,75
1989,361,7,,30007,66642,0,0,0,0,3.5,8,69
1989,362,34,,44017,22904,0,0,0,0,5.262820513,0,80
1989,363,9,,19369,28650,0,0,0,0,4.621794872,4,64
1989,364,10,,18151,65103,0,0,0,0,3.006578947,4,45
1989,365,11,,25967,12387,0,0,0,0,3.493589744,2,77
1989,366,13,,1304,520,0,0,0,0,4.559210526,7,44
1989,367,14,,7326,7649,0,0,0,0,5.297297297,2,53
1989,368,27,,32637,22688,0,0,0,0,6.645833333,5,71
1989,369,26,,27051,26737,0,0,0,0,4.428571429,7,73
1989,370,22,,11904,1542,0,0,0,0,3.207142857,3,53
1989,371,29,,28658,9025,0,0,0,0,4.222222222,13,70
1988,372,36,,9873,58718,0,0,0,0,2.572580645,0,60
1988,373,21,,2334,182717,0,0,0,0,4.341666667,0,60
1988,374,6,,20453,20776,0,0,0,0,2.967741935,5,78
1988,375,32,,7104,50210,0,0,0,0,4.387096774,1,67
1988,376,7,,5934,45475,0,0,0,0,4.362903226,1,69
1988,377,37,,38713,126569,0,0,0,0,3.830645161,6,63
1988,378,34,,31752,34753,0,0,0,0,2.637096774,1,80
1988,379,9,,23344,27870,0,0,0,0,4.959677419,1,65
1988,380,10,,13609,38486,0,0,0,0,3.774193548,4,44
1988,381,11,,529,30881,0,0,0,0,4.491935484,2,76
1988,382,13,,30470,45298,0,0,0,0,4.416666667,3,43
1988,383,14,,502,35030,0,0,0,0,3.608333333,1,51
1988,384,27,,9553,35066,0,0,0,0,5,3,70
1988,385,26,,26232,9214,0,0,0,0,4.258064516,1,72
1988,386,22,,13363,22746,0,0,0,0,4.708333333,3,51
1988,387,29,,36387,11159,0,0,0,0,4.066666667,7,82
1987,388,36,,40547,16211,0,0,0,0,2.782608696,1,61
1987,389,21,,27545,11599,0,0,0,0,4.342592593,1,59
1987,390,13,,24764,194664,0,0,0,0,4.855769231,3,43
1987,391,6,,33212,39627,0,0,0,0,4.25,1,78
1987,392,37,,33819,11508,0,0,0,0,3.567307692,5,63
1987,393,34,,7711,47544,0,0,0,0,3.259615385,0,80
1987,394,9,,1918,162333,0,0,0,0,3.384615385,2,65
1987,395,10,,99591,179064,0,0,0,0,3.201923077,0,44
1987,396,11,,37727,49729,0,0,0,0,4.894230769,2,76
1987,397,70,,55704,157328,0,0,0,0,4.307692308,1,52
1987,398,14,,1806,47230,0,0,0,0,3.875,1,50
1987,399,27,,20493,42802,0,0,0,0,3.53,2,70
1987,400,26,,22225,8593,0,0,0,0,3.855769231,3,72
1987,401,32,,26176,60703,0,0,0,0,4.23,7,63
1987,402,22,,17384,310,0,0,0,0,3.29,3,51
1987,403,29,,67884,155862,0,0,0,0,4.302083333,4,82
1986,404,36,,34827,24932,0,0,0,0,3.34,1,61
1986,405,26,,14,21538,0,0,0,0,2.96,2,72
1986,406,21,,7645,119562,0,0,0,0,3.144230769,1,60
1986,407,6,,25022,28624,0,0,0,0,2.39,3,78
1986,408,13,,19827,3765,0,0,0,0,3.36,2,43
1986,409,7,,20659,15603,0,0,0,0,2.51,3,69
1986,410,37,,31017,807,0,0,0,0,3.586538462,3,63
1986,411,34,,17128,20417,0,0,0,0,2.519230769,6,80
1986,412,38,,5574,116308,0,0,0,0,3.471153846,4,75
1986,413,10,,15437,29143,0,0,0,0,3.74,2,44
1986,414,11,,17673,125518,0,0,0,0,3.65,3,76
1986,415,70,,159376,162266,0,0,0,0,5.73,0,52
1986,416,14,,9828,13087,0,0,0,0,3.989583333,3,51
1986,417,27,,18772,30502,0,0,0,0,3.44,2,70
1986,418,32,,25438,27075,0,0,0,0,5.020833333,2,68
1986,419,29,,4205,153968,0,0,0,0,3.35,2,82
1985,420,36,,3259,120941,0,0,0,0,4.06,2,61
1985,421,27,,62978,192147,0,0,0,0,3.875,7,67
1985,422,21,,143452,104371,0,0,0,0,3.192307692,1,60
1985,423,6,,7541,79630,0,0,0,0,3.18,6,78
1985,424,7,,1957,2384,0,0,0,0,2.52,4,70
1985,425,37,,57549,5621,0,0,0,0,3.56,6,63
1985,426,34,,6660,2625,0,0,0,0,4.355769231,3,53
1985,427,9,,168105,179874,0,0,0,0,4.009615385,5,65
1985,428,20,,11661,39493,0,0,0,0,4.018518519,2,67
1985,429,70,,30002,4354,0,0,0,0,3.375,2,52
1985,430,39,,232,48259,0,0,0,0,3.692307692,1,70
1985,431,14,,51635,8755,0,0,0,0,3.858695652,0,51
1985,432,13,,28422,26687,0,0,0,0,4.193181818,4,43
1985,433,38,,21396,37137,0,0,0,0,4.452380952,3,75
1985,434,30,,7572,126588,0,0,0,0,3.526315789,3,75
1985,435,29,,43130,45406,0,0,0,0,5,2,82
1984,436,36,,40514,18614,0,0,0,0,3.972222222,1,61
1984,437,30,,65950,136622,0,0,0,0,4.638888889,0,75
1984,438,40,,42386,27417,0,0,0,0,3.342592593,2,70
1984,439,21,,13416,142307,0,0,0,0,3.982142857,3,60
1984,440,41,,7154,16815,0,0,0,0,3.519230769,2,79
1984,441,6,,7446,21631,0,0,0,0,2.268518519,7,31
1984,442,7,,2612,85420,0,0,0,0,3.826923077,1,70
1984,443,37,,32638,53890,0,0,0,0,3,7,63
1984,444,42,,22464,183571,0,0,0,0,4.067307692,13,67
1984,445,38,,42123,21205,0,0,0,0,3.12962963,5,71
1984,446,10,,3149,33274,0,0,0,0,4.115384615,1,44
1984,447,70,,23525,25473,0,0,0,0,5.86,1,51
1984,448,39,,10283,69261,0,0,0,0,5.201923077,3,71
1984,449,14,,24249,191365,0,0,0,0,5.916666667,2,51
1984,450,20,,23911,1011,0,0,0,0,4.416666667,5,67
1984,451,27,,13425,6617,0,0,0,0,3.927083333,1,70
1983,452,36,,51883,27074,0,0,0,0,3.696428571,2,63
1983,453,43,,27993,45645,0,0,0,0,4.0625,6,75
1983,454,34,,29720,10512,0,0,0,0,2.724137931,1,54
1983,455,21,,48781,155837,0,0,0,0,2.991071429,9,60
1983,456,6,,18475,12891,0,0,0,0,2.455357143,6,76
1983,457,13,,23182,16687,0,0,0,0,3.401785714,2,40
1983,458,37,,7702,1581,0,0,0,0,3.648148148,1,60
1983,459,7,,42029,10581,0,0,0,0,2.919642857,1,70
1983,460,9,,19161,7085,0,0,0,0,3.24137931,0,67
1983,461,10,,70652,33441,0,0,0,0,4.732758621,1,45
1983,462,70,,6835,20824,0,0,0,0,4.603448276,4,53
1983,463,39,,20839,22902,0,0,0,0,6.112068966,4,72
1983,464,14,,10212,8400,0,0,0,0,4.706896552,1,52
1983,465,38,,6571,23744,0,0,0,0,6.383928571,2,76
1983,466,30,,9319,12650,0,0,0,0,6.019230769,1,77
1982,467,30,,14946,12954,0,0,0,0,5.435483871,3,77
1982,468,36,,2990,33869,0,0,0,0,4.661290323,7,63
1982,469,43,,14660,64483,0,0,0,0,4.024193548,13,75
1982,470,21,,366,67318,0,0,0,0,4.857142857,0,60
1982,471,40,,7268,139122,0,0,0,0,4.1171875,7,70
1982,472,6,,117238,140234,0,0,0,0,3.620967742,3,76
1982,473,37,,15726,12351,0,0,0,0,5.094827586,9,62
1982,474,7,,13799,48037,0,0,0,0,4.198275862,5,70
1982,475,39,,21649,716,0,0,0,0,4.862903226,1,72
1982,476,38,,25726,12710,0,0,0,0,5.7,6,76
1982,477,34,,17308,24820,0,0,0,0,6.870689655,4,54
1982,478,10,,16379,168256,0,0,0,0,7.925925926,3,45
1982,479,70,,50,149532,0,0,0,0,5.166666667,7,53
1982,480,41,,4442,55901,0,0,0,0,3.703703704,1,80
1982,481,14,,14064,34388,0,0,0,0,5.901785714,3,52
1982,482,44,,27292,29158,0,0,0,0,5.151785714,3,75
1981,483,43,,9190,25730,0,0,0,0,3.431034483,9,80
1981,484,36,,4440,58640,0,0,0,0,4.091666667,7,62
1981,485,25,,26610,23370,0,0,0,0,4.603448276,0,53
1981,486,21,,4580,1760,0,0,0,0,3.546875,6,60
1981,487,40,,36060,7630,0,0,0,0,3.846774194,5,54
1981,488,6,,39910,49330,0,0,0,0,2.838709677,6,76
1981,489,45,,220,360,0,0,0,0,4.675,3,80
1981,490,41,,2290,21930,0,0,0,0,4.568965517,1,80
1981,491,9,,40650,117755,0,0,0,0,3.933333333,4,68
1981,492,10,,11520,53080,0,0,0,0,3.916666667,1,45
1981,493,70,,5170,2170,0,0,0,0,3.464285714,2,53
1981,494,39,,8240,27260,0,0,0,0,5.058333333,6,72
1981,495,14,,22175,28412,0,0,0,0,4.433333333,6,52
1981,496,7,,6230,104040,0,0,0,0,4.534482759,10,63
1981,497,44,,20048,380,0,0,0,0,4.181034483,1,75
1980,498,25,,24590,54050,0,0,0,0,3.4375,3,53
1980,499,18,,21860,44250,0,0,0,0,3.580357143,1,40
1980,500,30,,34070,18420,0,0,0,0,4.017857143,6,78
1980,501,43,,49212,29351,0,0,0,0,3.851851852,7,80
1980,502,40,,47370,36750,0,0,0,0,3.407407407,4,72
1980,503,6,,73629,4097,0,0,0,0,2.861111111,7,76
1980,504,34,,4520,25740,0,0,0,0,2.416666667,1,54
1980,505,38,,11007,2278,0,0,0,0,3.990740741,1,76
1980,506,10,,3190,40340,0,0,0,0,4.153846154,0,45
1980,507,70,,820,18540,0,0,0,0,4.72,0,54
1980,508,39,,12930,500,0,0,0,0,4.105769231,5,72
1980,509,21,,28930,44740,0,0,0,0,3.75,3,60
1980,510,7,,15540,3530,0,0,0,0,4.06,3,70
1980,511,46,,4210,8360,0,0,0,0,3.89,5,59
1979,512,25,,14940,73870,0,0,0,0,3.990384615,6,53
1979,513,18,,5280,38860,0,0,0,0,4.009615385,3,40
1979,514,30,,3420,18690,0,0,0,0,3.961538462,5,78
1979,515,43,,29380,30310,0,0,0,0,3.326923077,4,80
1979,516,45,,20940,6370,0,0,0,0,3.768518519,0,75
1979,517,40,,15360,19810,0,0,0,0,3.732142857,6,70
1979,518,6,,440,8130,0,0,0,0,2.22,3,76
1979,519,41,,14590,240,0,0,0,0,4.712962963,2,80
1979,520,9,,24280,189838,0,0,0,0,5.865384615,1,68
1979,521,10,,2910,15480,0,0,0,0,4.01,2,45
1979,522,70,,36050,10720,0,0,0,0,3.192307692,1,54
1979,523,39,,21783,41470,0,0,0,0,4.480769231,2,75
1979,524,14,,460,4320,0,0,0,0,2.836538462,3,50
1979,525,7,,1080,72576,0,0,0,0,3.461538462,3,72
1979,526,46,,48787,4412,0,0,0,0,4.182692308,9,59
1978,527,25,,13210,430,0,0,0,0,3.240740741,0,52
1978,528,36,,49130,7890,0,0,0,0,3.125,7,63
1978,529,30,,466,3976,0,0,0,0,4.208333333,3,78
1978,530,43,,11061,17890,0,0,0,0,2.858333333,6,80
1978,531,6,,22450,9840,0,0,0,0,3.066666667,2,75
1978,532,40,,9900,14440,0,0,0,0,4.433333333,8,70
1978,533,45,,19560,17680,0,0,0,0,4.060344828,2,75
1978,534,47,,34019,86,0,0,0,0,4.842592593,3,70
1978,535,34,,2930,16870,0,0,0,0,4.103448276,0,54
1978,536,38,,1230,36020,0,0,0,0,4.383928571,1,76
1978,537,10,,15350,12660,0,0,0,0,4.116071429,4,45
1978,538,70,,47440,52320,0,0,0,0,4.053571429,12,54
1978,539,39,,320,11890,0,0,0,0,2.533333333,4,75
1978,540,14,,1480,18990,0,0,0,0,3.916666667,5,40
1978,541,46,,19739,25962,0,0,0,0,6.21875,0,59
1978,542,7,,13372,6036,0,0,0,0,5.052083333,4,70
1977,543,25,,43240,2780,0,0,0,0,3.738095238,3,53
1977,544,18,,10710,96800,0,0,0,0,3.897727273,8,40
1977,545,30,,5200,500,0,0,0,0,4.467391304,3,78
1977,546,43,,773,4084,0,0,0,0,3.647727273,3,80
1977,547,45,,15850,8660,0,0,0,0,4.943548387,5,75
1977,548,6,,889,31911,0,0,0,0,4.355769231,0,76
1977,549,40,,14190,5760,0,0,0,0,6.322580645,7,70
1977,550,47,,8449,5920,0,0,0,0,6.379032258,1,72
1977,551,41,,1550,32320,0,0,0,0,3.091666667,5,80
1977,552,9,,18310,1260,0,0,0,0,4.862068966,2,68
1977,553,10,,14330,6570,0,0,0,0,5.788461538,3,47
1977,554,70,,20130,14370,0,0,0,0,5.919642857,4,54
1977,555,39,,1890,160301,0,0,0,0,6.698275862,5,75
1977,556,14,,16960,6670,0,0,0,0,4.518518519,5,52
1977,557,46,,2026,76853,0,0,0,0,6.020833333,5,59
1977,558,48,,6770,8990,0,0,0,0,7.097826087,7,80
1977,559,16,,62450,3940,0,0,0,0,6.223684211,5,73
1976,560,18,,21470,2370,0,0,0,0,4.954545455,4,40
1976,561,30,,1300,44600,0,0,0,0,5.03,2,78
1976,562,43,,42414,7558,0,0,0,0,3.287037037,4,80
1976,563,45,,30970,17050,0,0,0,0,4.483333333,1,75
1976,564,40,,3460,31920,0,0,0,0,4.163793103,3,70
1976,565,6,,11130,53710,0,0,0,0,3.52,5,78
1976,566,47,,19766,14100,0,0,0,0,3.740740741,5,72
1976,567,34,,12700,10850,0,0,0,0,5.633333333,0,54
1976,568,38,,16180,184438,0,0,0,0,3.741666667,3,76
1976,569,20,,27700,24700,0,0,0,0,3.538461538,6,14
1976,570,70,,10790,1190,0,0,0,0,6.652173913,6,54
1976,571,39,,920,1170,0,0,0,0,4.923913043,4,75
1976,572,14,,2300,700,0,0,0,0,5.125,3,52
1976,573,48,,6331,4035,0,0,0,0,4.894230769,3,80
1976,574,46,,8030,54294,0,0,0,0,3.833333333,3,59
1976,575,16,,145410,130468,0,0,0,0,3.916666667,1,73
1975,576,25,,5910,11150,0,0,0,0,3.619565217,1,53
1975,577,18,,5790,20870,0,0,0,0,4.641304348,1,40
1975,578,30,,3740,13180,0,0,0,0,5.160714286,1,78
1975,579,49,,1100,149695,0,0,0,0,5.134615385,8,29
1975,580,6,,2780,15030,0,0,0,0,2.211538462,7,75
1975,581,40,,19220,22600,0,0,0,0,3.927083333,3,70
1975,582,47,,6288,22807,0,0,0,0,5.471153846,2,80
1975,583,39,,1060,54000,0,0,0,0,5.18,1,75
1975,584,34,,1590,720,0,0,0,0,5.221153846,0,54
1975,585,9,,165802,112791,0,0,0,0,4.423913043,16,56
1975,586,20,,97700,45600,0,0,0,0,5.897727273,4,14
1975,587,70,,27030,7820,0,0,0,0,4.456521739,4,29
1975,588,14,,16600,6600,0,0,0,0,3.773809524,6,52
1975,589,46,,4943,42694,0,0,0,0,4.15,4,59
1974,590,25,,9270,11140,0,0,0,0,4.31,2,53
1974,591,18,,13570,126690,0,0,0,0,5.19,0,32
1974,592,30,,33940,8220,0,0,0,0,7.407407407,1,78
1974,593,45,,35610,174952,0,0,0,0,3.5,3,84
1974,594,50,,350,45260,0,0,0,0,5.4609375,3,85
1974,595,6,,28800,20100,0,0,0,0,3.669642857,11,78
1974,596,47,,380,2945,0,0,0,0,5.740740741,1,80
1974,597,39,,8250,22020,0,0,0,0,3,3,75
1974,598,41,,20360,7480,0,0,0,0,3.375,2,80
1974,599,38,,15300,46200,0,0,0,0,4.357142857,2,75
1974,600,20,,50700,32600,0,0,0,0,5.089285714,4,14
1974,601,70,,42920,18620,0,0,0,0,5.706521739,4,54
1974,602,14,,800,23900,0,0,0,0,4.94,1,52
1974,603,48,,13034,1460,0,0,0,0,3.714285714,1,80
1974,604,46,,10735,59649,0,0,0,0,7.315217391,1,59
1973,605,25,,4690,28500,0,0,0,0,2.631578947,0,96
1973,606,18,,13500,92900,0,0,0,0,4.6,0,40
1973,607,30,,24550,510,0,0,0,0,3.25,5,79
1973,608,49,,42700,30400,0,0,0,0,4.363636364,0,75
1973,609,40,,31840,90950,0,0,0,0,4.217391304,8,70
1973,610,6,,1300,196993,0,0,0,0,3.05,1,78
1973,611,47,,4039,10628,0,0,0,0,3.523809524,1,80
1973,612,34,,40920,5560,0,0,0,0,3.6,2,54
1973,613,9,,2800,200,0,0,0,0,3.775862069,10,67
1973,614,39,,15830,47180,0,0,0,0,3.804347826,3,72
1973,615,20,,1600,39600,0,0,0,0,7.583333333,2,14
1973,616,70,,9010,37630,0,0,0,0,4.05952381,1,54
1973,617,14,,800,28000,0,0,0,0,4.510869565,2,55
1973,618,48,,32734,1771,0,0,0,0,5.739130435,2,80
1973,619,46,,668,22262,0,0,0,0,4.75,2,59
1972,620,25,,25960,33430,0,0,0,0,4.863636364,1,95
1972,621,30,,14100,11700,0,0,0,0,6.163461538,1,79
1972,622,45,,18920,171045,0,0,0,0,4.913461538,4,90
1972,623,6,,38200,146007,0,0,0,0,5.68,6,80
1972,624,50,,26600,31500,0,0,0,0,4.64,2,85
1972,625,51,,27700,4200,0,0,0,0,4.9,0,38
1972,626,38,,4100,68400,0,0,0,0,4.548076923,6,76
1972,627,20,,48300,18400,0,0,0,0,4.842592593,2,14
1972,628,70,,1180,35350,0,0,0,0,3.14,0,54
1972,629,14,,14500,9300,0,0,0,0,5.221153846,3,55
1972,630,48,,48200,6400,0,0,0,0,4.511363636,2,80
1972,631,46,,32268,5260,0,0,0,0,6.205357143,2,59
1971,632,30,,20900,10500,0,0,0,0,5.53,1,79
1971,633,49,,3400,54700,0,0,0,0,4.238636364,0,75
1971,634,6,,25600,27700,0,0,0,0,3.170454545,4,80
1971,635,39,,7990,191444,0,0,0,0,5.434782609,3,70
1971,636,34,,28120,5950,0,0,0,0,4.597826087,1,55
1971,637,9,,36100,14400,0,0,0,0,5.0625,2,68
1971,638,20,,30100,7000,0,0,0,0,4.945652174,3,12
1971,639,70,,4120,15650,0,0,0,0,6.409090909,0,54
1971,640,14,,10,80,0,0,0,0,4.59375,1,55
1971,641,48,,38300,57500,0,0,0,0,3.920454545,4,64
1971,642,46,,40062,4008,0,0,0,0,5.489130435,2,59
1970,643,30,,8100,9000,0,0,0,0,5.782608696,1,80
1970,644,45,,199220,152981,0,0,0,0,4.056818182,2,90
1970,645,6,,23100,28300,0,0,0,0,3.5,0,80
1970,646,13,,1100,102600,0,0,0,0,4.617647059,0,28
1970,647,39,,30000,171292,0,0,0,0,3.791666667,2,80
1970,648,51,,7610,37220,0,0,0,0,4.282608696,1,38
1970,649,38,,32900,21500,0,0,0,0,3.467391304,2,80
1970,650,10,,700,81100,0,0,0,0,4.35,0,50
1970,651,70,,610,87270,0,0,0,0,6.239583333,1,60
1970,652,14,,5730,70,0,0,0,0,3.86,2,68
1970,653,52,,14800,43100,0,0,0,0,5.5,0,90
1970,654,46,,36390,8780,0,0,0,0,5.630434783,0,108
1970,655,32,,24640,21330,0,0,0,0,3.323529412,0,65
1969,656,30,,18800,13000,0,0,0,0,3.013888889,0,80
1969,657,49,,101391,156490,0,0,0,0,2.160714286,2,90
1969,658,6,,17300,17300,0,0,0,0,2.828125,2,80
1969,659,39,,24520,5990,0,0,0,0,2.983333333,0,90
1969,660,51,,57100,200,0,0,0,0,2.615384615,0,38
1969,661,9,,196092,101277,0,0,0,0,2.529411765,0,84
1969,662,20,,57700,143900,0,0,0,0,1.589285714,3,14
1969,663,14,,80,90,0,0,0,0,2.75,0,68
1969,664,48,,46200,5800,0,0,0,0,3.302631579,2,90
1969,665,46,,46990,194691,0,0,0,0,4.647058824,1,108
1969,666,32,,2560,35920,0,0,0,0,4.484375,1,65
1968,667,30,,25300,5100,0,0,0,0,3.380434783,1,80
1968,668,45,,15900,119953,0,0,0,0,2.892857143,1,90
1968,669,6,,2200,171975,0,0,0,0,3.097222222,5,80
1968,670,13,,12100,27500,0,0,0,0,3.236111111,1,28
1968,671,39,,93930,171828,0,0,0,0,3.828947368,5,90
1968,672,53,,118600,190455,0,0,0,0,4,2,60
1968,673,38,,4400,147433,0,0,0,0,2.75,0,80
1968,674,20,,243200,6200,0,0,0,0,5.8625,3,14
1968,675,14,,88400,200,0,0,0,0,3.897727273,3,68
1968,676,52,,164666,145825,0,0,0,0,2.855263158,2,90
1968,677,46,,24680,126145,0,0,0,0,3.319444444,1,108
1968,678,32,,79320,21330,0,0,0,0,5.078947368,1,65
1967,679,30,,26400,139981,0,0,0,0,3.416666667,2,80
1967,680,6,,194237,101110,0,0,0,0,3.210526316,2,100
1967,681,39,,23600,2100,0,0,0,0,3.735294118,1,90
1967,682,13,,63000,37000,0,0,0,0,4,1,28
1967,683,54,,49500,101056,0,0,0,0,2.616666667,0,80
1967,684,9,,12800,3800,0,0,0,0,3.94047619,0,80
1967,685,20,,38500,500,0,0,0,0,5.4375,0,15
1967,686,48,,61900,184322,0,0,0,0,5.735294118,1,90
1967,687,14,,200,22900,0,0,0,0,2.958333333,1,68
1967,688,46,,6300,146935,0,0,0,0,4.970588235,0,108
1967,689,32,,85360,144102,0,0,0,0,4.544117647,0,65
1966,690,6,,40200,176306,0,0,0,0,2.90625,0,100
1966,691,13,,42100,191115,0,0,0,0,1.986111111,7,28
1966,692,55,,9500,159778,0,0,0,0,4.176470588,0,48
1966,693,38,,9600,101487,0,0,0,0,4.7625,0,80
1966,694,39,,127731,182528,0,0,0,0,4.294117647,2,90
1966,695,20,,44400,108200,0,0,0,0,2.684210526,3,15
1966,696,14,,5800,300,0,0,0,0,4.761363636,1,68
1966,697,46,,195120,154847,0,0,0,0,3.631578947,0,108
1966,698,32,,7880,150265,0,0,0,0,4.208333333,0,65
1965,699,56,,29000,2800,0,0,0,0,6.330645161,0,85
1965,700,6,,64000,37900,0,0,0,0,3.5,1,100
1965,701,13,,44800,120980,0,0,0,0,3.486842105,1,32
1965,702,51,,26300,127200,0,0,0,0,2.882352941,2,40
1965,703,9,,3200,24400,0,0,0,0,3.782608696,0,80
1965,704,39,,8000,5000,0,0,0,0,2.75,0,80
1965,705,20,,15900,5500,0,0,0,0,2.892857143,0,15
1965,706,14,,3300,13200,0,0,0,0,4.793478261,0,76
1965,707,46,,12500,45000,0,0,0,0,5.638888889,0,110
1965,708,32,,2890,57260,0,0,0,0,5.180555556,0,65
1964,709,6,,131027,112026,0,0,0,0,3.293478261,0,100
1964,710,39,,53600,171536,0,0,0,0,4.680555556,1,80
1964,711,13,,3400,44700,0,0,0,0,3.597222222,0,32
1964,712,53,,24100,800,0,0,0,0,3.911764706,2,57
1964,713,38,,2800,77800,0,0,0,0,3.87,2,80
1964,714,20,,75600,217200,0,0,0,0,4.826086957,2,15
1964,715,57,,6180,127836,0,0,0,0,4.675,2,105
1964,716,14,,66000,117695,0,0,0,0,4.90625,0,78
1964,717,46,,30500,155714,0,0,0,0,3.65,0,110
1964,718,32,,68940,690,0,0,0,0,4.573529412,0,65
1963,719,6,,4600,8200,0,0,0,0,2.69,1,100
1963,720,13,,294000,195488,0,0,0,0,3.302083333,5,32
1963,721,39,,180963,181012,0,0,0,0,3.595238095,1,80
1963,722,55,,64900,9000,0,0,0,0,3.65625,0,53
1963,723,9,,25800,11800,0,0,0,0,5.067307692,0,82
1963,724,20,,77500,87400,0,0,0,0,3.948275862,6,15
1963,725,14,,95000,134818,0,0,0,0,5.71969697,0,86
1963,726,46,,34300,172996,0,0,0,0,3.520833333,0,110
1963,727,32,,101100,13600,0,0,0,0,3.93,0,65
1963,728,56,,66800,139990,0,0,0,0,3.461538462,2,85
1962,729,39,,27200,53900,0,0,0,0,4.693181818,6,80
1962,730,6,,1300,82800,0,0,0,0,3.3125,4,100
1962,731,13,,44100,82400,0,0,0,0,5.461538462,2,32
1962,732,53,,153286,100673,0,0,0,0,4.375,1,54
1962,733,58,,49200,55600,0,0,0,0,5.451923077,0,75
1962,734,20,,2500,1900,0,0,0,0,5.330645161,2,15
1962,735,14,,29800,28000,0,0,0,0,5.209677419,0,86
1962,736,46,,9200,180053,0,0,0,0,5.625,1,100
1962,737,56,,49800,500,0,0,0,0,6.583333333,0,82
1961,738,6,,3600,37700,0,0,0,0,3.785714286,1,100
1961,739,39,,900,12200,0,0,0,0,4.617647059,0,75
1961,740,13,,700,18800,0,0,0,0,3.961538462,0,30
1961,741,55,,100,60900,0,0,0,0,6.427419355,1,52
1961,742,58,,46000,800,0,0,0,0,6.171875,2,75
1961,743,20,,21400,1100,0,0,0,0,5.71969697,4,15
1961,744,14,,31200,117200,0,0,0,0,6.326923077,4,43
1961,745,46,,4300,44700,0,0,0,0,6.404761905,1,100
1960,746,25,,26300,10600,0,0,0,0,15.33695652,0,80
1960,747,6,,52100,9800,0,0,0,0,7.177083333,1,100
1960,748,19,,12750,174550,0,0,0,0,31.28787879,2,200
1960,749,39,,24000,32600,0,0,0,0,7.226190476,1,78
1960,750,13,,63300,128076,0,0,0,0,6.315789474,5,36
1960,751,55,,48300,3600,0,0,0,0,7.793478261,2,50
1960,752,9,,49600,40000,0,0,0,0,11.64,1,77
1960,753,59,,57970,55260,0,0,0,0,3.5,2,55
1960,754,14,,147600,154952,0,0,0,0,15.47058824,1,50
1960,755,60,,38000,14000,0,0,0,0,10.85,2,75
1959,756,6,,20400,123919,0,0,0,0,5.145833333,6,100
1959,757,19,,23280,27360,0,0,0,0,15.65151515,9,200
1959,758,39,,14200,68800,0,0,0,0,6.75,0,75
1959,759,55,,27500,70200,0,0,0,0,6.613636364,0,50
1959,760,58,,22200,200,0,0,0,0,10.8,2,75
1959,761,61,,2900,61900,0,0,0,0,3.666666667,1,60
1959,762,62,,111138,191327,0,0,0,0,7.3125,2,62
1959,763,14,,46700,25800,0,0,0,0,8.071428571,0,72
1959,764,63,,600,180300,0,0,0,0,5.802631579,1,42
1958,765,25,,2700,9900,0,0,0,0,9.25,0,80
1958,766,6,,20200,18600,0,0,0,0,7.314516129,1,100
1958,767,39,,47900,54400,0,0,0,0,6.986111111,0,75
1958,768,19,,27630,42040,0,0,0,0,13.08333333,12,200
1958,769,13,,20700,160200,0,0,0,0,6.710526316,1,24
1958,770,55,,24600,35100,0,0,0,0,7.193181818,2,50
1958,771,9,,24200,26400,0,0,0,0,4.975,0,75
1958,772,20,,209700,101500,0,0,0,0,8.278846154,3,15
1958,773,59,,312750,107875,0,0,0,0,4.116666667,2,50
1958,774,14,,24200,4100,0,0,0,0,9.090909091,3,70
1958,775,64,,84700,800,0,0,0,0,13.95238095,5,53
1957,776,25,,18300,108142,0,0,0,0,10.60294118,0,100
1957,777,6,,25200,180801,0,0,0,0,4.576086957,5,105
1957,778,19,,21460,112510,0,0,0,0,16.1969697,7,200
1957,779,53,,50800,75200,0,0,0,0,4.9375,2,77
1957,780,58,,25600,17200,0,0,0,0,5.727272727,1,90
1957,781,20,,3600,32000,0,0,0,0,9.770833333,0,22
1957,782,65,,193900,212900,0,0,0,0,4.671875,2,18
1957,783,14,,41200,122117,0,0,0,0,8.35,0,87
1956,784,25,,24400,106252,0,0,0,0,10.578125,2,98
1956,785,6,,6100,120446,0,0,0,0,7.083333333,3,100
1956,786,19,,20450,69780,0,0,0,0,18.73529412,7,200
1956,787,13,,111300,85300,0,0,0,0,7.375,1,36
1956,788,55,,300,89600,0,0,0,0,6.272727273,1,61
1956,789,9,,144706,138080,0,0,0,0,8.058333333,1,101
1956,790,20,,46400,411900,0,0,0,0,4.193181818,2,22
1956,791,14,,5700,152248,0,0,0,0,8.724137931,0,50
1955,792,25,,89600,176421,0,0,0,0,6.257142857,7,96
1955,793,6,,20200,156366,0,0,0,0,6.701923077,3,100
1955,794,19,,163560,48800,0,0,0,0,15.19285714,6,200
1955,795,13,,8100,92400,0,0,0,0,4.867647059,1,36
1955,796,39,,300,56800,0,0,0,0,10.84375,2,100
1955,797,58,,200,71600,0,0,0,0,9.125,0,90
1955,798,14,,700,45500,0,0,0,0,6.77173913,0,50
1954,799,25,,79000,42000,0,0,0,0,7.791666667,1,87
1954,800,19,,69950,9780,0,0,0,0,22.77272727,8,200
1954,801,13,,24200,180508,0,0,0,0,5.266666667,1,36
1954,802,55,,100,169861,0,0,0,0,7.193181818,0,61
1954,803,9,,101920,179938,0,0,0,0,12.02941176,4,90
1954,804,20,,96500,212100,0,0,0,0,7.260416667,2,22
1954,805,66,,57800,118593,0,0,0,0,6.764705882,1,66
1954,806,14,,146153,141109,0,0,0,0,8.465909091,1,80
1954,807,67,,73200,168363,0,0,0,0,6.423913043,1,80
1953,808,25,,124856,149906,0,0,0,0,10.36764706,1,97
1953,809,19,,210870,40630,0,0,0,0,22.15957447,8,200
1953,810,39,,10400,176212,0,0,0,0,6.7625,0,90
1953,811,13,,168200,132878,0,0,0,0,11.75,2,36
1953,812,55,,1000,400,0,0,0,0,10.77,0,60
1953,813,9,,60000,133952,0,0,0,0,8.898148148,2,90
1953,814,20,,64000,39600,0,0,0,0,15.84027778,0,18
1953,815,66,,72930,23030,0,0,0,0,7.613636364,2,65
1953,816,14,,1400,171024,0,0,0,0,14.00806452,2,80
1952,817,66,,157200,109043,0,0,0,0,9.238636364,1,62
1952,818,19,,242330,129280,0,0,0,0,26.21969697,0,200
1952,819,13,,115200,153200,0,0,0,0,16.21590909,3,36
1952,820,53,,124010,126797,0,0,0,0,12.125,0,77
1952,821,9,,150299,118985,0,0,0,0,18.1015625,0,85
1952,822,20,,14100,416000,0,0,0,0,13.75,2,18
1952,823,39,,40100,54300,0,0,0,0,9.789473684,0,90
1952,824,14,,61800,62400,0,0,0,0,10.31428571,0,80
1951,825,66,,55240,24070,0,0,0,0,9.845238095,3,42
1951,826,19,,107240,64150,0,0,0,0,9.647058824,4,200
1951,827,13,,171000,90900,0,0,0,0,7.692307692,0,36
1951,828,55,,58200,127546,0,0,0,0,5.807692308,1,77
1951,829,9,,51000,104035,0,0,0,0,10.7625,0,90
1951,830,20,,30500,248500,0,0,0,0,6.761363636,2,20
1951,831,14,,24600,145322,0,0,0,0,5.402173913,0,80
1951,832,67,,54280,51260,0,0,0,0,6.825,2,70
1950,833,9,,2600,49400,0,0,0,0,11.07608696,0,70
1950,834,6,,145360,196148,0,0,0,0,6.226190476,11,100
1950,835,19,,195968,165305,0,0,0,0,20.82857143,2,138
1950,836,66,,400,169596,0,0,0,0,8.597222222,2,42
1950,837,13,,14000,125000,0,0,0,0,8.839285714,0,35
1950,838,55,,25700,167140,0,0,0,0,6,0,64
1950,839,14,,78600,17000,0,0,0,0,5.982758621,0,80
2011,841,1,207.8181818,22297,8263,218,1385,45,24342.82222,2.708333333,2,58
2011,842,2,192.8333333,3261,21814,295,2157,59,24434.37288,2.947916667,3,56
2011,843,17,191.4166667,5198,2357,309,2459,58,22299.24138,2.364583333,0,56
2011,844,5,209.3913043,8807,1268,389,2730,82,23005.06098,1.75,0,58
2011,845,4,187.375,630,35067,318,2312,77,21567.5974,2.333333333,1,66
2011,846,6,151.4782609,1138,1240,215,1438,43,27548.34884,3.802083333,4,78
2011,847,7,189.0833333,2709,11119,476,3057,75,25267.33333,4.166666667,5,70
2011,848,12,186.8333333,10891,16364,203,1495,65,21795.81538,2.541666667,0,57
2011,849,9,213.1666667,16511,436,218,1497,54,25964.22222,2.875,1,52
2011,850,20,189.875,3980,5808,232,1665,50,21635.46,3.163043478,1,60
2011,851,11,182.2083333,3588,16231,287,2119,88,22060.64773,3.052083333,1,70
2011,852,13,221.6521739,3741,5928,298,2194,52,22745.84615,3.173913043,2,44
2011,853,14,234.75,9590,7319,187,1138,35,51479.91429,4.02173913,4,53
2011,854,15,159.9166667,1737,27542,259,1734,69,31333.26087,3.739130435,3,61
2011,855,22,211.5416667,1160,846,322,2557,65,22118.29231,2.706521739,0,53
2011,856,35,196.8333333,12019,458,227,1584,50,21835.56,3.065217391,2,55
2011,857,68,202.6086957,8433,15868,160,956,47,23801.34043,3.108695652,2,60
2011,858,24,189.3043478,8457,17424,214,1420,42,21072.59524,3.010869565,0,55
2011,859,18,199.0416667,16983,10655,223,1596,58,21675.81034,2.543478261,0,71
2012,860,1,208.7,2139,1936,240,1524,41,24706.92683,3.25,5,58
2012,861,2,192.4166667,2263,12328,423,2980,76,25766.65789,4.197916667,1,56
2012,862,17,192.9583333,20626,5386,394,3077,55,22102.69091,2.958333333,0,56
2012,863,3,197.7916667,3333,6861,383,2756,71,23381.19718,3.375,0,57
2012,864,4,187.9583333,3195,689,379,2572,67,20973.50746,3.614583333,2,66
2012,865,6,150.7142857,643,304,171,1045,26,26856.46154,3.71875,5,78
2012,866,7,200.9583333,2513,2747,223,1690,37,21825.18919,2.71875,0,70
2012,867,12,186.4782609,6421,6218,360,2425,49,22199.87755,4.385416667,3,57
2012,868,9,219.6818182,3060,1776,266,1855,43,26893.88372,3.375,2,52
2012,869,10,205.2916667,6949,9460,260,1842,60,19710.81667,3.625,0,67
2012,870,11,181.9583333,1032,9486,187,1487,58,20085.82759,2.96875,0,69
2012,871,13,214.9,13624,11710,273,1684,38,22674.34211,4.8125,6,44
2012,872,14,233.8333333,4356,16238,284,1993,31,22618.06452,5.467391304,0,53
2012,873,15,159.375,8959,6268,373,2470,56,31156.42857,3.729166667,3,59
2012,874,22,213.0454545,20639,3899,247,1601,46,22336.8913,4.489583333,3,53
2012,875,35,194.0909091,8231,5713,170,1128,41,21119.12195,3.375,3,55
2012,876,68,204.75,9437,3780,134,862,28,22694.71429,3.072916667,2,60
2012,877,24,187.2173913,852,3311,284,1752,30,21959.56667,4.291666667,5,55
2012,878,69,195.3333333,675,38554,194,1353,24,22526.41667,3.135416667,0,56
2012,879,18,194.5238095,2754,861,453,2756,69,23779.72464,5.822916667,6,71
2013,880,1,209.9047619,12451,9895,346,2436,53,23119.90566,2.375,1,58
2013,881,2,196.047619,4298,7883,293,1981,73,27328.21918,3.931818182,1,56
2013,882,17,194.0454545,10168,2154,333,2310,57,21097.94737,2.818181818,2,56
2013,883,3,197.2272727,9111,10396,369,2755,71,22954.87324,2.693181818,0,57
2013,884,4,190.2727273,9338,16711,350,2390,79,21206.08861,2.613636364,1,66
2013,885,6,151,3888,2426,152,878,30,26428.23333,3.590909091,4,78
2013,886,7,201.0454545,14408,1534,164,1030,44,21455.84091,1.897727273,3,70
2013,887,9,220.5,765,6359,391,2700,55,26297.34545,3.931818182,0,52
2013,888,20,192.8636364,1008,4822,288,1927,56,23928.94643,2.488636364,1,60
2013,890,11,182.0909091,10938,1521,252,1830,56,22156.85714,3.545454545,0,70
2013,891,13,223,16869,10865,234,1503,43,23484.88372,1.886363636,1,44
2013,892,14,237.8095238,5467,883,179,1128,24,25754.25,2.840909091,1,53
2013,893,15,163.6363636,32627,11293,265,1726,54,31111.87037,3.295454545,2,61
2013,894,35,195,4224,703,311,1966,49,25153.46939,4.113636364,3,55
2013,895,22,216,7129,2781,229,1494,48,23349.35417,2.602272727,2,53
2013,896,68,206.5238095,29823,10069,302,2082,44,24893.29545,3.034090909,1,60
2013,897,24,189.0952381,30829,2821,231,1546,41,22395.19512,2.534090909,1,55
2013,898,69,194.6666667,6284,2112,116,739,27,24873.44444,3.130952381,1,56
2013,899,18,201.0454545,10452,8461,241,1477,47,23424.74468,2.773809524,1,71
2014,900,1,200.5,26777,3250,141,787,34,23856.44118,3.363636364,2,57
2014,901,2,187,17313,7221,196,1128,55,28549.87273,2.534090909,0,56
2014,902,3,194.5,1085,22982,282,1847,57,26009.21053,3.147727273,2,57
2014,903,17,189.4545455,18062,5542,184,1186,45,24716.88889,2.420454545,0,54
2014,904,4,184.0909091,636,48378,249,1607,48,22922.22917,2.193181818,0,66
2014,905,6,146.2,9210,404,130,671,27,28645.03704,2.795454545,3,78
2014,906,7,194.1,4236,1011,213,1312,33,24213.24242,2.147727273,4,70
2014,907,70,211.5909091,1932,6240,252,1780,41,23430.09756,2.681818182,0,71
2014,908,9,212.95,30135,16360,165,1011,23,29195.21739,2.602272727,3,52
2014,909,10,200.8095238,20789,1741,290,1826,55,20388.34545,2,1,67
2014,910,11,173.3636364,5225,632,295,1910,44,23819.29545,2.772727273,4,70
2014,911,13,221.15,3383,24649,235,1699,46,23913.63043,2.988095238,0,44
2014,912,14,232.8636364,3175,21851,174,1195,23,25310.65217,2.397727273,1,53
2014,913,15,160.7142857,13534,739,235,1445,54,30080.14815,2.75,0,60
2014,914,22,183.2380952,9180,19942,231,1456,79,334107.2405,2.659090909,2,44
2014,915,71,203.5238095,13657,3768,150,930,23,30727.47826,2.011904762,0,53
2014,916,69,192,4314,21246,194,1009,36,25288.69444,2.430555556,2,56
2014,917,18,208.1111111,1457,39574,379,2325,52,24377.88462,2.986111111,0,71
2014,918,24,186.85,2576,26304,254,1595,41,22345.80488,2.842105263,0,55
2015,926,1,206.6153846,1360,33163,78,331,17,25012.58824,2.555555556,1,58
2015,927,2,189.4210526,8569,3741,294,1729,50,27092.08,1.9625,1,56
2015,928,17,188.6,714,2274,171,985,38,23183.84211,2.425,0,56
2015,929,3,196.7894737,3380,2653,187,1145,43,28697.76744,2.225,0,57
2015,930,4,182.7,17551,27791,177,1111,46,23395.04348,1.6125,1,66
2015,931,6,150.1,4486,1567,84,469,31,27150.3871,3.35,1,78
2015,932,7,199.55,2285,38381,117,690,23,24894.30435,1.725,0,70
2015,933,70,210.1764706,8800,8773,94,496,21,24262.2381,2.4375,2,71
2015,934,9,210.625,10956,14487,119,672,33,32856.51515,2.6625,4,52
2015,936,11,179.9,15748,9336,246,1505,96,21273.07292,4.8375,0,69
2015,937,13,219.4444444,2058,35930,166,1029,38,23262.63158,3.55,0,43
2015,938,14,235.5,25042,22593,147,846,23,24745.3913,3.0125,2,53
2015,939,15,162.5,1478,15676,162,818,42,31411.78571,3,1,61
2015,940,22,211.2,18964,1886,180,1118,45,25117.77778,3.171052632,0,53
2015,941,71,205.2941176,5953,22965,166,932,19,32131.26316,4.4,4,53
2015,942,69,186,2850,531,186,1060,47,27448.38298,3.868421053,2,56
2015,943,32,187.1052632,1954,12638,155,905,38,23578.31579,2.407894737,2,71
2015,944,18,203.0526316,7756,6488,218,1272,49,24384.46939,1.986842105,0,71
2015,945,24,187.1578947,8271,11159,190,1218,42,23341.85714,2.5375,1,55
2016,948,1,206.9047619,8060,1583,195,1258,45,445759.6,2.75,2,57
2016,949,3,201.45,10282,19866,337,1975,53,25905.84906,3.465909091,0,57
2016,950,17,193.4545455,37776,8160,464,3215,66,24694.30303,2.795454545,0,56
2016,951,71,207.0526316,25022,6976,181,1059,26,33135.80769,3.511363636,3,53
2016,952,4,186.85,616,4965,306,1952,47,23047.3617,3.75,2,66
2016,953,6,144.0909091,7252,6573,180,1099,45,28991.46667,3.704545455,5,78
2016,954,7,202.5909091,5011,41411,169,1121,36,23864.33333,2.704545455,0,70
2016,955,73,199.0454545,16696,8545,269,1638,33,21628.90909,2.886363636,0,51
2016,956,70,220.9545455,5719,305,352,2180,76,20493.71053,5.045454545,0,71
2016,957,9,209.5909091,8250,8661,245,1612,47,32769.55319,2.602272727,2,52
2016,958,11,184.4090909,1977,25562,181,1204,45,22500.68889,3.261363636,0,70
2016,959,10,205.0454545,6996,6417,254,1691,60,20501.81667,2.738636364,0,67
2016,960,13,219.3684211,14113,13521,234,1351,51,349103.2353,3.25,3,44
2016,961,14,238.8571429,15070,5920,211,1319,39,45398.97436,1.333333333,2,53
2016,962,15,164.7,488,7550,253,1553,68,30440.30882,3.035714286,1,61
2016,963,2,200.2857143,2443,23073,228,1415,44,25342.31818,3.619047619,1,56
2016,964,22,214.5,4978,798,241,1639,38,23557.71053,2.44047619,0,53
2016,965,69,191.1428571,4520,15172,233,1484,43,25083.93023,3.452380952,1,56
2016,966,32,185.3333333,8354,12504,170,1119,28,23138.57143,3.297619048,1,71
2016,967,18,176.952381,11455,10026,239,1301,62,1024768.339,3.083333333,4,71
2016,968,24,188.1363636,439,404,229,1513,37,22906.16216,2.583333333,1,55
2017,969,1,215.2,9975,1275,77,469,20,24080.8,2.3,0,57
2017,970,17,200.7777778,6250,38942,159,900,82,20529.46341,2.0625,2,56
2017,971,3,204,6660,13737,163,909,31,25714.96774,2.15,2,57
2017,972,71,212.3529412,617,10383,64,385,20,30821.4,1.95,2,52
2017,973,4,195.1111111,3490,72330,142,855,37,23219.59459,3.4125,3,66
2017,974,6,156.65,3145,600,82,465,28,25554.17857,2.65,5,78
2017,975,7,205.4444444,19783,15514,147,802,21,29691.33333,2.575,2,70
2017,976,73,202.95,3904,105,193,1122,63,378141.1905,3.9375,1,51
2017,977,70,226.6111111,658,5354,87,496,20,21868.8,2.2625,2,71
2017,978,9,228.4444444,14063,22507,143,761,27,29501.92593,2.55,1,51
2017,979,11,192.3157895,908,11554,85,532,21,24043.19048,3.25,1,70
2017,980,13,230.5789474,2358,8433,158,879,40,24103.175,2.8625,1,44
2017,981,14,243.75,4471,31846,160,953,21,26160.09524,1.775,0,53
2017,982,15,165.7058824,4507,4293,134,727,82,30482.17073,3.2125,6,58
2017,983,2,207.4210526,12770,9749,159,909,20,24491.15,2.921052632,0,56
2017,984,22,217.2631579,1211,8468,135,793,22,23671.5,2.684210526,2,53
2017,985,69,197.4,10143,5636,146,878,25,24514.84,2.368421053,1,56
2017,986,32,191.2,19678,34329,159,925,23,23832.04348,3.388888889,0,71
2017,987,18,211.8823529,2762,1838,125,705,69,20289.17391,2.583333333,3,71
2017,988,24,194.15,3899,15431,115,626,22,22222.63636,2.736111111,0,55
2018,989,1,216.25,5036,1273,78,414,20,22316.75,1.4875,0,58
2018,990,3,205.1666667,699,5813,249,1381,33,25801.48485,3.55,0,57
2018,991,17,200.35,8894,743,175,1105,30,23509.53333,2.5625,1,56
2018,992,73,201.7222222,2460,1564,178,923,36,23904.19444,4.1625,6,51
2018,993,4,206.5294118,20593,6280,129,697,21,23834.90476,2.9,3,66
2018,994,6,156.65,7336,9677,111,634,26,25691.5,2.4375,2,78
2018,995,7,208.5,7376,984,102,539,20,24683.95,2.35,2,68
2018,996,34,218.8333333,7090,18798,165,933,20,26343.1,2.65,2,53
2018,997,70,226.35,1504,1677,156,881,23,23449.13043,3.65,1,71
2018,998,9,227.3157895,2264,1388,183,1090,28,28879.21429,1.9125,3,52
2018,999,10,212.15,4535,2197,220,1314,40,21072.025,3.675,1,67
2018,1000,11,191.5263158,17123,2978,111,646,20,22214.1,2.2125,0,70
2018,1001,13,231.9411765,11061,20311,86,452,34,22360.67647,3.575,3,44
2018,1002,14,247.2631579,8705,5361,132,790,21,26151.95238,3.525,0,53
2018,1003,15,173.5789474,8961,31023,118,752,25,29573.84,2.8,1,61
2018,1004,71,212.95,2545,4942,105,690,20,30312.45,2.65,0,53
2018,1005,22,221.1,12919,1376,171,936,23,25040.3913,3.025,1,53
2018,1006,69,198.8888889,1281,1061,147,911,24,25668.70833,3.4,3,56
2018,1007,32,189.6,17316,32598,190,1104,29,23187.13793,3.8375,0,71
2018,1008,18,213.7,1469,3295,142,936,25,24197.64,2.9625,1,71
2018,1009,24,193.8947368,2581,10125,159,916,18,22957.55556,3.0125,1,55
2019,1010,1,216.4,20886,1634,113,701,22,23607.72727,2.475,1,58
2019,1011,3,203.15,2980,3151,232,1506,40,26532.2,2.3875,1,57
2019,1012,17,201.25,6552,7222,138,806,37,25685.89189,2.7625,2,56
2019,1013,73,203.45,1524,10215,178,1078,26,20530.42308,2.3125,2,51
2019,1014,4,206.35,4074,3605,128,767,37,23137.21622,2.125,2,66
2019,1015,6,156.8,2602,560,94,542,23,25422.34783,2.7375,1,78
2019,1016,7,206.15,3658,1038,121,751,22,24643.54545,3.0875,1,70
2019,1017,34,221.35,18056,929,122,704,23,31136.34783,1.4875,0,53
2019,1018,70,225.45,2724,16236,140,976,23,22381.86957,1.8375,0,71
2019,1019,9,234.85,24928,5189,146,806,29,29649.65517,2.7625,3,52
2019,1020,10,204.4736842,7333,972,343,1965,78,22075.85897,5.5875,5,64
2019,1021,11,194.3,17796,43637,124,751,24,22801.20833,1.6875,0,70
2019,1022,13,232.3888889,981,11604,171,992,24,25674.25,3.7,2,44
2019,1023,14,247.85,835,34364,170,1028,29,25858.65517,4.4,0,53
2019,1024,15,172.4,2641,1180,218,1395,28,30976.5,3.3375,2,61
2019,1025,71,213.4736842,3829,1383,140,799,25,30764,2.6375,2,53
2019,1026,22,222.85,13343,515,186,1172,31,23878.45161,3.4125,0,52
2019,1027,32,192.2,1766,1787,169,1081,26,23591.15385,2.9875,0,71
2019,1028,69,198.6,4148,854,181,1117,33,24946.48485,2.95,0,56
2019,1029,18,213.7,6077,2819,260,1639,45,23692.88889,5.025,2,71
2019,1030,24,195.15,16772,26663,148,906,25,22273.12,2.85,0,55
2020,1031,70,225,2700,2791,117,588,38,21043.81579,3.4375,0,71
2020,1032,70,225.5263158,13719,19979,156,839,21,22929.19048,2.6,2,71
2020,1033,11,196.65,8702,750,247,1571,45,23197.37778,2.525,0,70
2020,1034,9,235.5,5856,12618,91,474,22,31254.09091,3.1625,2,52
2020,1035,9,233.8,11326,7905,233,1475,41,28733.78049,2.425,0,52
2020,1036,4,204.05,24177,20575,184,1116,35,22335.22857,2.55,0,66
2020,1037,13,230.9473684,8448,7007,92,467,20,24100.45,2.3,2,44
2020,1038,14,245.85,415,2943,174,1045,37,714235.2703,4.375,1,53
2020,1039,76,207.5555556,4880,3184,135,641,66,529469.5,3.1,6,59
2020,1040,71,213.0555556,7729,15000,158,915,24,30807.33333,3.4875,2,53
2020,1041,20,203.2,4470,10143,211,1136,33,23468.78788,3.9125,1,60
2020,1042,75,207.35,25592,8916,215,1367,25,28589.96,3.475,1,66
2020,1043,21,225.9,5783,8537,173,1014,30,30907.3,4.2125,1,63
2020,1044,5,190.6,31633,327,177,1199,38,28132.34211,3.35,2,58
2020,1045,3,207.0555556,1254,6751,264,1509,57,403572.5965,2.7875,2,57
2020,1046,3,222.8333333,10518,1351,221,1368,39,26211.23077,4.375,2,87
2020,1047,24,195.75,15976,2439,89,462,23,22681,2.302631579,0,55
2021,1051,78,223,25743,33714,233,1405,30,26418.16667,2.3875,1,57
2021,1052,3,205.1052632,745,36638,258,1566,40,25363.15,2.275,1,56
2021,1053,21,221.4210526,22000,1702,153,894,56,490435.125,2.275,3,63
2021,1054,75,204.1578947,29148,4382,131,805,60,23768.13333,1.8125,1,66
2021,1055,4,205.25,15841,10769,177,1051,37,23543.54054,2.075,0,66
2021,1056,6,159.5789474,8968,10459,67,428,19,24196.15789,3.1625,0,78
2021,1057,73,203.5,1385,1377,178,1128,59,592693.7627,4.3125,2,51
2021,1058,70,223.8947368,35743,11164,126,703,24,23762.5,1.925,1,71
2021,1059,34,214.05,2904,5907,176,1138,22,30564.18182,1.9625,0,53
2021,1060,70,226.5789474,17973,2046,179,999,27,22083.62963,1.9375,2,71
2021,1061,9,231.3684211,3871,7254,141,864,41,972252,3.2375,1,52
2021,1062,11,193.2857143,2736,12282,175,961,52,439993.4423,5.1125,6,70
2021,1063,13,,1995,606,0,0,0,0,4.5,0,1
2021,1064,39,205,20932,35528,99,579,29,20395.93103,2.171052632,0,72
2021,1065,14,242.3157895,1747,3174,109,716,22,26368.18182,3.394736842,2,53
2021,1066,71,211.4,53271,9204,264,1770,39,31400.02564,3.025,1,53
2021,1067,5,206.25,14584,18887,87,565,20,24739.25,2.7625,0,58
2021,1069,69,196.6,1333,40890,166,996,41,24880.07317,2.0375,0,56
2021,1070,32,192,16555,1197,112,666,25,24022.12,2.65,2,71
2021,1071,18,210.4,10496,3080,208,1387,79,21177.44304,2.175,1,71
2021,1072,77,238.75,11825,15706,111,646,47,786495.6809,2.6625,5,50
2021,1073,24,215.2631579,2256,2917,150,892,29,21811.65517,2.9125,1,58
2022,1074,3,200.95,5598,4077,272,1663,58,25377.60345,5.2125,0,57
2022,1075,77,237.4444444,549,7548,111,569,19,21812.63158,2.4,2,50
2022,1076,1,230.1578947,20524,5069,161,932,22,18541.68182,3.3,2,58
2022,1077,21,216.2631579,16527,18307,107,626,25,31665.76,3.6375,2,63
2022,1078,79,208.85,3786,4443,171,947,25,20113.2,2.625,2,57
2022,1079,4,193.95,13072,19855,233,1489,53,22981.22642,2.2125,0,66
2022,1080,6,153.45,1154,337,88,529,53,418044.4151,1.85,1,64
2022,1081,73,199.65,20823,25172,137,838,27,23105.59259,3.1,0,51
2022,1082,7,202.55,993,6013,140,838,32,25550.375,3.2,1,70
2022,1083,9,228.9411765,3779,2446,190,1093,47,1119664.34,3.4375,4,52
2022,1084,70,223.4,1532,39685,276,1692,42,22902.78571,3.1125,1,71
2022,1085,34,213,10587,5908,130,768,25,38322.64,2.4875,3,53
2022,1086,11,189.85,7834,4503,248,1652,42,22913.5,2.8,0,70
2022,1087,13,224.6111111,17841,9045,253,1453,38,23913.78947,3,2,44
2022,1088,39,203.75,4071,6858,190,1216,72,19598,2.3625,0,72
2022,1089,14,242.3,2446,959,201,1152,28,24711.5,2.539473684,0,53
2022,1091,15,160.5,2595,7710,93,481,21,31797.52381,3.475,4,59
2022,1092,22,196.2222222,27066,4697,167,982,42,186369.5714,3.425,1,28
2022,1093,69,194.8947368,5023,2478,273,1723,36,25915.55556,2.775,3,56
2022,1094,32,186.95,15186,2911,135,845,23,23471.3913,2.5625,1,71
2022,1095,18,206.6111111,1529,2522,288,1663,44,24677.84091,3.3125,2,71
2022,1096,24,211.15,8771,1322,212,1293,31,22443.03226,3.575,1,58
